{
  "operationConfig" : {
    "name" : "updatehotelbookings5051",
    "type" : "MappedToBackend",
    "cachable" : false,
    "smsEnabled" : false,
    "security" : "public",
    "responseEncoding" : "UTF-8",
    "httpMethod" : "GET",
    "decodeResponseBody" : false,
    "referencingEndpoint" : "default",
    "inputs" : [ {
      "id" : "hotel_bookings_id",
      "scope" : "request",
      "dataType" : "number",
      "encode" : true,
      "passNull" : false
    }, {
      "id" : "user_id",
      "scope" : "request",
      "dataType" : "number",
      "encode" : true,
      "passNull" : false
    }, {
      "id" : "checkin_date",
      "scope" : "request",
      "dataType" : "date",
      "encode" : true,
      "passNull" : false
    }, {
      "id" : "checkout_date",
      "scope" : "request",
      "dataType" : "date",
      "encode" : true,
      "passNull" : false
    }, {
      "id" : "hotel_name",
      "scope" : "request",
      "dataType" : "string",
      "encode" : true,
      "passNull" : false
    }, {
      "id" : "num_of_rooms",
      "scope" : "request",
      "dataType" : "string",
      "encode" : true,
      "passNull" : false
    }, {
      "id" : "num_adlt",
      "scope" : "request",
      "dataType" : "number",
      "encode" : true,
      "passNull" : false
    }, {
      "id" : "num_kids",
      "scope" : "request",
      "dataType" : "number",
      "encode" : true,
      "passNull" : false
    }, {
      "id" : "address",
      "scope" : "request",
      "dataType" : "string",
      "encode" : true,
      "passNull" : false
    }, {
      "id" : "cost",
      "scope" : "request",
      "dataType" : "string",
      "encode" : true,
      "passNull" : false
    }, {
      "id" : "softdel",
      "scope" : "request",
      "dataType" : "boolean",
      "encode" : true,
      "passNull" : false
    }, {
      "id" : "rating_user",
      "scope" : "request",
      "dataType" : "number",
      "encode" : true,
      "passNull" : false
    }, {
      "id" : "rating_default",
      "scope" : "request",
      "dataType" : "number",
      "encode" : true,
      "passNull" : false
    } ],
    "applyCommonMapping" : true,
    "entityMetadata" : "{\"entityAttributeTypeList\":[{\"name\":\"hotel_bookings_id\",\"jdbcType\":4,\"columnTypeName\":\"INT\",\"columnDecimalDigits\":0,\"autoGenerated\":true,\"calculated\":true,\"creatable\":false,\"nullable\":false,\"updatable\":false,\"primary\":true,\"fieldType\":\"INT\",\"softDelete\":false,\"lastModified\":false},{\"name\":\"user_id\",\"jdbcType\":4,\"columnTypeName\":\"INT\",\"columnDecimalDigits\":0,\"autoGenerated\":false,\"calculated\":false,\"creatable\":true,\"nullable\":true,\"updatable\":true,\"primary\":false,\"fieldType\":\"INT\",\"softDelete\":false,\"lastModified\":false},{\"name\":\"checkin_date\",\"jdbcType\":93,\"columnTypeName\":\"DATETIME\",\"columnDecimalDigits\":0,\"autoGenerated\":false,\"calculated\":false,\"creatable\":true,\"nullable\":true,\"updatable\":true,\"primary\":false,\"fieldType\":\"DATETIME\",\"softDelete\":false,\"lastModified\":false},{\"name\":\"checkout_date\",\"jdbcType\":93,\"columnTypeName\":\"DATETIME\",\"columnDecimalDigits\":0,\"autoGenerated\":false,\"calculated\":false,\"creatable\":true,\"nullable\":true,\"updatable\":true,\"primary\":false,\"fieldType\":\"DATETIME\",\"softDelete\":false,\"lastModified\":false},{\"name\":\"hotel_name\",\"jdbcType\":12,\"columnTypeName\":\"VARCHAR\",\"columnDecimalDigits\":0,\"autoGenerated\":false,\"calculated\":false,\"creatable\":true,\"nullable\":true,\"updatable\":true,\"primary\":false,\"fieldType\":\"STRING\",\"softDelete\":false,\"lastModified\":false},{\"name\":\"num_of_rooms\",\"jdbcType\":12,\"columnTypeName\":\"VARCHAR\",\"columnDecimalDigits\":0,\"autoGenerated\":false,\"calculated\":false,\"creatable\":true,\"nullable\":true,\"updatable\":true,\"primary\":false,\"fieldType\":\"STRING\",\"softDelete\":false,\"lastModified\":false},{\"name\":\"num_adlt\",\"jdbcType\":4,\"columnTypeName\":\"INT\",\"columnDecimalDigits\":0,\"autoGenerated\":false,\"calculated\":false,\"creatable\":true,\"nullable\":true,\"updatable\":true,\"primary\":false,\"fieldType\":\"INT\",\"softDelete\":false,\"lastModified\":false},{\"name\":\"num_kids\",\"jdbcType\":4,\"columnTypeName\":\"INT\",\"columnDecimalDigits\":0,\"autoGenerated\":false,\"calculated\":false,\"creatable\":true,\"nullable\":true,\"updatable\":true,\"primary\":false,\"fieldType\":\"INT\",\"softDelete\":false,\"lastModified\":false},{\"name\":\"address\",\"jdbcType\":12,\"columnTypeName\":\"VARCHAR\",\"columnDecimalDigits\":0,\"autoGenerated\":false,\"calculated\":false,\"creatable\":true,\"nullable\":true,\"updatable\":true,\"primary\":false,\"fieldType\":\"STRING\",\"softDelete\":false,\"lastModified\":false},{\"name\":\"cost\",\"jdbcType\":12,\"columnTypeName\":\"VARCHAR\",\"columnDecimalDigits\":0,\"autoGenerated\":false,\"calculated\":false,\"creatable\":true,\"nullable\":true,\"updatable\":true,\"primary\":false,\"fieldType\":\"STRING\",\"softDelete\":false,\"lastModified\":false},{\"name\":\"softdel\",\"jdbcType\":-7,\"columnTypeName\":\"BIT\",\"columnDecimalDigits\":0,\"autoGenerated\":false,\"calculated\":false,\"creatable\":true,\"nullable\":true,\"updatable\":true,\"primary\":false,\"fieldType\":\"BOOLEAN\",\"softDelete\":false,\"lastModified\":false},{\"name\":\"rating_user\",\"jdbcType\":4,\"columnTypeName\":\"INT\",\"columnDecimalDigits\":0,\"autoGenerated\":false,\"calculated\":false,\"creatable\":true,\"nullable\":true,\"updatable\":true,\"primary\":false,\"fieldType\":\"INT\",\"softDelete\":false,\"lastModified\":false},{\"name\":\"rating_default\",\"jdbcType\":4,\"columnTypeName\":\"INT\",\"columnDecimalDigits\":0,\"autoGenerated\":false,\"calculated\":false,\"creatable\":true,\"nullable\":true,\"updatable\":true,\"primary\":false,\"fieldType\":\"INT\",\"softDelete\":false,\"lastModified\":false}],\"relationshipTypeList\":[],\"name\":\"hotel_bookings\",\"schemaName\":\"travel_data\",\"entityType\":\"com.kony.rdbms.metadata.model.AnnotatedTable\"}",
    "opcode" : "update",
    "backendMeta" : {
      "qualifiedObjectName" : "travel_data.hotel_bookings",
      "backendObjectName" : "hotel_bookings"
    },
    "relationshipHierarchyMapping" : {
      "name" : "hotel_bookings",
      "children" : [ ],
      "selected" : true
    },
    "requestXmlMappingOverride" : false,
    "responseXmlMappingOverride" : false
  }
}