<?xml version="1.0" encoding="UTF-8" standalone="yes"?>
<service serviceGroup="" cachable="false" cacheduration="" endpoint="default" groupType="" id="Flight_Affiliate_Search" passwordencrypted="false" security="public" type="dataAdapterConnector" smscode="" smsenabled="false">
    <service-config>
        <config-param api-version="" appid="" name="preprocessorname" value=""/>
        <config-param api-version="" appid="" name="postprocessorname" value=""/>
        <config-param api-version="" appid="" name="preprocessorJS" value=""/>
        <config-param api-version="" appid="" name="postprocessorJS" value=""/>
        <config-param api-version="" appid="" name="endpointUrl" value=""/>
        <config-param api-version="" appid="" name="opcode" value="service"/>
        <config-param api-version="" appid="" name="sockettimeout" value=""/>
        <config-param api-version="" appid="" name="entitymetadata" value="{&quot;name&quot;:&quot;Flight_Affiliate_Search&quot;,&quot;serviceType&quot;:&quot;com.kony.adapter.swagger.SwaggerService&quot;}"/>
        <config-param api-version="" appid="" name="metadataformatterobject" value="{&quot;serviceType&quot;:&quot;com.kony.adapter.swagger.SwaggerService&quot;,&quot;serviceOutput&quot;:[{&quot;name&quot;:&quot;meta&quot;,&quot;serviceElementTypeList&quot;:[]},{&quot;name&quot;:&quot;results&quot;,&quot;serviceElementTypeList&quot;:[{&quot;name&quot;:&quot;airline&quot;},{&quot;name&quot;:&quot;deep_link&quot;},{&quot;name&quot;:&quot;fare&quot;,&quot;serviceElementTypeList&quot;:[{&quot;name&quot;:&quot;currency&quot;},{&quot;name&quot;:&quot;price_per_adult&quot;,&quot;serviceElementTypeList&quot;:[{&quot;name&quot;:&quot;tax&quot;},{&quot;name&quot;:&quot;total_fare&quot;}]},{&quot;name&quot;:&quot;price_per_child&quot;,&quot;serviceElementTypeList&quot;:[{&quot;name&quot;:&quot;tax&quot;},{&quot;name&quot;:&quot;total_fare&quot;}]},{&quot;name&quot;:&quot;price_per_infant&quot;,&quot;serviceElementTypeList&quot;:[{&quot;name&quot;:&quot;tax&quot;},{&quot;name&quot;:&quot;total_fare&quot;}]},{&quot;name&quot;:&quot;restrictions&quot;,&quot;serviceElementTypeList&quot;:[{&quot;name&quot;:&quot;change_penalties&quot;},{&quot;name&quot;:&quot;refundable&quot;}]},{&quot;name&quot;:&quot;total_price&quot;}]},{&quot;name&quot;:&quot;inbound&quot;,&quot;serviceElementTypeList&quot;:[{&quot;name&quot;:&quot;duration&quot;},{&quot;name&quot;:&quot;flights&quot;,&quot;serviceElementTypeList&quot;:[{&quot;name&quot;:&quot;aircraft&quot;},{&quot;name&quot;:&quot;arrives_at&quot;},{&quot;name&quot;:&quot;booking_info&quot;,&quot;serviceElementTypeList&quot;:[{&quot;name&quot;:&quot;booking_code&quot;},{&quot;name&quot;:&quot;cabin_code&quot;},{&quot;name&quot;:&quot;fare_basis&quot;},{&quot;name&quot;:&quot;fare_family&quot;},{&quot;name&quot;:&quot;seats_remaining&quot;},{&quot;name&quot;:&quot;travel_class&quot;}]},{&quot;name&quot;:&quot;departs_at&quot;},{&quot;name&quot;:&quot;destination&quot;,&quot;serviceElementTypeList&quot;:[{&quot;name&quot;:&quot;airport&quot;},{&quot;name&quot;:&quot;terminal&quot;}]},{&quot;name&quot;:&quot;flight_number&quot;},{&quot;name&quot;:&quot;marketing_airline&quot;},{&quot;name&quot;:&quot;operating_airline&quot;},{&quot;name&quot;:&quot;origin&quot;,&quot;serviceElementTypeList&quot;:[{&quot;name&quot;:&quot;airport&quot;},{&quot;name&quot;:&quot;terminal&quot;}]}]}]},{&quot;name&quot;:&quot;outbound&quot;,&quot;serviceElementTypeList&quot;:[{&quot;name&quot;:&quot;duration&quot;},{&quot;name&quot;:&quot;flights&quot;,&quot;serviceElementTypeList&quot;:[{&quot;name&quot;:&quot;aircraft&quot;},{&quot;name&quot;:&quot;arrives_at&quot;},{&quot;name&quot;:&quot;booking_info&quot;,&quot;serviceElementTypeList&quot;:[{&quot;name&quot;:&quot;booking_code&quot;},{&quot;name&quot;:&quot;cabin_code&quot;},{&quot;name&quot;:&quot;fare_basis&quot;},{&quot;name&quot;:&quot;fare_family&quot;},{&quot;name&quot;:&quot;seats_remaining&quot;},{&quot;name&quot;:&quot;travel_class&quot;}]},{&quot;name&quot;:&quot;departs_at&quot;},{&quot;name&quot;:&quot;destination&quot;,&quot;serviceElementTypeList&quot;:[{&quot;name&quot;:&quot;airport&quot;},{&quot;name&quot;:&quot;terminal&quot;}]},{&quot;name&quot;:&quot;flight_number&quot;},{&quot;name&quot;:&quot;marketing_airline&quot;},{&quot;name&quot;:&quot;operating_airline&quot;},{&quot;name&quot;:&quot;origin&quot;,&quot;serviceElementTypeList&quot;:[{&quot;name&quot;:&quot;airport&quot;},{&quot;name&quot;:&quot;terminal&quot;}]}]}]},{&quot;name&quot;:&quot;payout&quot;,&quot;serviceElementTypeList&quot;:[{&quot;name&quot;:&quot;CPA&quot;,&quot;serviceElementTypeList&quot;:[{&quot;name&quot;:&quot;amount&quot;},{&quot;name&quot;:&quot;currency&quot;}]},{&quot;name&quot;:&quot;CPC&quot;,&quot;serviceElementTypeList&quot;:[{&quot;name&quot;:&quot;amount&quot;},{&quot;name&quot;:&quot;currency&quot;}]},{&quot;name&quot;:&quot;CPS&quot;,&quot;serviceElementTypeList&quot;:[{&quot;name&quot;:&quot;amount&quot;},{&quot;name&quot;:&quot;currency&quot;}]}]}]}],&quot;qualifiedName&quot;:&quot;Flight_Affiliate_Search&quot;,&quot;name&quot;:&quot;Flight_Affiliate_Search&quot;,&quot;serviceInput&quot;:[{&quot;name&quot;:&quot;origin&quot;},{&quot;name&quot;:&quot;destination&quot;},{&quot;name&quot;:&quot;departure_date&quot;},{&quot;name&quot;:&quot;return_date&quot;},{&quot;name&quot;:&quot;adults&quot;},{&quot;name&quot;:&quot;children&quot;},{&quot;name&quot;:&quot;infants&quot;},{&quot;name&quot;:&quot;include_merchants&quot;},{&quot;name&quot;:&quot;exclude_merchants&quot;},{&quot;name&quot;:&quot;max_price&quot;},{&quot;name&quot;:&quot;currency&quot;},{&quot;name&quot;:&quot;mobile&quot;}]}"/>
        <config-param api-version="" appid="" name="http_auth_mode" value="none"/>
        <config-param api-version="" appid="" name="apikey" value="BKEuoMutfOAwQ7e9AG1Y1almTzATKHVO"/>
        <config-param api-version="" appid="" name="authservicetype" value="IdentityProvider"/>
        <config-param api-version="" appid="" name="adaptertype" value="CUSTOM"/>
        <config-param api-version="" appid="" name="zipName" value="amadeus.zip"/>
        <config-param api-version="" appid="" name="basepackage" value="com.kony.adapter.swagger"/>
    </service-config>
    <service-input passthrough="false">
        <header datatype="" name="" passthrough="false"/>
        <param datatype="string" defaultvalue="LON" description="" encode="true" format="None" formatvalue="" name="origin" order="" passnull="true" sms-name="" src="request" sourcevalue="" srcformatvalue="" target="request" targetdatatype="java.lang.String" testvalue="" value="LON">
            <accessType></accessType>
        </param>
        <param datatype="string" defaultvalue="DUB" description="" encode="true" format="None" formatvalue="" name="destination" order="" passnull="true" sms-name="" src="request" sourcevalue="" srcformatvalue="" target="request" targetdatatype="java.lang.String" testvalue="" value="DUB">
            <accessType></accessType>
        </param>
        <param datatype="string" defaultvalue="2017-06-02" description="" encode="true" format="None" formatvalue="" name="departure_date" order="" passnull="true" sms-name="" src="request" sourcevalue="" srcformatvalue="" target="request" targetdatatype="java.lang.String" testvalue="" value="2017-06-02">
            <accessType></accessType>
        </param>
        <param datatype="string" defaultvalue="" description="" encode="true" format="None" formatvalue="" name="return_date" order="" passnull="true" sms-name="" src="request" sourcevalue="" srcformatvalue="" target="request" targetdatatype="java.lang.String" testvalue="" value="">
            <accessType></accessType>
        </param>
        <param datatype="number" defaultvalue="1" description="" encode="true" format="None" formatvalue="" name="adults" order="" passnull="true" sms-name="" src="request" sourcevalue="" srcformatvalue="" target="request" targetdatatype="java.lang.String" testvalue="" value="1">
            <accessType></accessType>
        </param>
        <param datatype="number" defaultvalue="0" description="" encode="true" format="None" formatvalue="" name="children" order="" passnull="true" sms-name="" src="request" sourcevalue="" srcformatvalue="" target="request" targetdatatype="java.lang.String" testvalue="" value="0">
            <accessType></accessType>
        </param>
        <param datatype="number" defaultvalue="0" description="" encode="true" format="None" formatvalue="" name="infants" order="" passnull="true" sms-name="" src="request" sourcevalue="" srcformatvalue="" target="request" targetdatatype="java.lang.String" testvalue="" value="0">
            <accessType></accessType>
        </param>
        <param datatype="string" defaultvalue="" description="" encode="true" format="None" formatvalue="" name="include_merchants" order="" passnull="true" sms-name="" src="request" sourcevalue="" srcformatvalue="" target="request" targetdatatype="java.lang.String" testvalue="" value="">
            <accessType></accessType>
        </param>
        <param datatype="string" defaultvalue="" description="" encode="true" format="None" formatvalue="" name="exclude_merchants" order="" passnull="true" sms-name="" src="request" sourcevalue="" srcformatvalue="" target="request" targetdatatype="java.lang.String" testvalue="" value="">
            <accessType></accessType>
        </param>
        <param datatype="number" defaultvalue="" description="" encode="true" format="None" formatvalue="" name="max_price" order="" passnull="true" sms-name="" src="request" sourcevalue="" srcformatvalue="" target="request" targetdatatype="java.lang.String" testvalue="" value="">
            <accessType></accessType>
        </param>
        <param datatype="string" defaultvalue="INR" description="" encode="true" format="None" formatvalue="" name="currency" order="" passnull="true" sms-name="" src="request" sourcevalue="" srcformatvalue="" target="request" targetdatatype="java.lang.String" testvalue="" value="INR">
            <accessType></accessType>
        </param>
        <param datatype="boolean" defaultvalue="" description="" encode="true" format="None" formatvalue="" name="mobile" order="" passnull="true" sms-name="" src="request" sourcevalue="" srcformatvalue="" target="request" targetdatatype="java.lang.String" testvalue="" value="">
            <accessType></accessType>
        </param>
        <template-param datatype="" defaultvalue="" description="" encode="false" format="" formatvalue="" name="criteria" order="" sms-name="" src="" sourcevalue="" srcformatvalue="" target="" targetdatatype="" value="">
            <accessType></accessType>
        </template-param>
    </service-input>
    <service-output passthrough="false">
        <dataset id="results" order="" src="">
            <param datatype="string" defaultvalue="" description="" encode="true" format="None" formatvalue="" name="airline" order="" passnull="false" sms-name="" src="" sourcevalue="" srcformatvalue="" target="response" targetdatatype="java.lang.String" testvalue="" value="">
                <accessType></accessType>
            </param>
            <param datatype="string" defaultvalue="" description="" encode="true" format="None" formatvalue="" name="deep_link" order="" passnull="false" sms-name="" src="" sourcevalue="" srcformatvalue="" target="response" targetdatatype="java.lang.String" testvalue="" value="">
                <accessType></accessType>
            </param>
            <record id="fare" order="" src="">
                <param datatype="string" defaultvalue="" description="" encode="true" format="None" formatvalue="" name="currency" order="" passnull="false" sms-name="" src="" sourcevalue="" srcformatvalue="" target="response" targetdatatype="java.lang.String" testvalue="" value="">
                    <accessType></accessType>
                </param>
                <param datatype="string" defaultvalue="" description="" encode="true" format="None" formatvalue="" name="total_price" order="" passnull="false" sms-name="" src="" sourcevalue="" srcformatvalue="" target="response" targetdatatype="java.lang.String" testvalue="" value="">
                    <accessType></accessType>
                </param>
                <record id="price_per_adult" order="" src="">
                    <param datatype="string" defaultvalue="" description="" encode="true" format="None" formatvalue="" name="tax" order="" passnull="false" sms-name="" src="" sourcevalue="" srcformatvalue="" target="response" targetdatatype="java.lang.String" testvalue="" value="">
                        <accessType></accessType>
                    </param>
                    <param datatype="string" defaultvalue="" description="" encode="true" format="None" formatvalue="" name="total_fare" order="" passnull="false" sms-name="" src="" sourcevalue="" srcformatvalue="" target="response" targetdatatype="java.lang.String" testvalue="" value="">
                        <accessType></accessType>
                    </param>
                </record>
                <record id="price_per_child" order="" src="">
                    <param datatype="string" defaultvalue="" description="" encode="true" format="None" formatvalue="" name="tax" order="" passnull="false" sms-name="" src="" sourcevalue="" srcformatvalue="" target="response" targetdatatype="java.lang.String" testvalue="" value="">
                        <accessType></accessType>
                    </param>
                    <param datatype="string" defaultvalue="" description="" encode="true" format="None" formatvalue="" name="total_fare" order="" passnull="false" sms-name="" src="" sourcevalue="" srcformatvalue="" target="response" targetdatatype="java.lang.String" testvalue="" value="">
                        <accessType></accessType>
                    </param>
                </record>
                <record id="price_per_infant" order="" src="">
                    <param datatype="string" defaultvalue="" description="" encode="true" format="None" formatvalue="" name="tax" order="" passnull="false" sms-name="" src="" sourcevalue="" srcformatvalue="" target="response" targetdatatype="java.lang.String" testvalue="" value="">
                        <accessType></accessType>
                    </param>
                    <param datatype="string" defaultvalue="" description="" encode="true" format="None" formatvalue="" name="total_fare" order="" passnull="false" sms-name="" src="" sourcevalue="" srcformatvalue="" target="response" targetdatatype="java.lang.String" testvalue="" value="">
                        <accessType></accessType>
                    </param>
                </record>
                <record id="restrictions" order="" src="">
                    <param datatype="boolean" defaultvalue="" description="" encode="true" format="None" formatvalue="" name="change_penalties" order="" passnull="false" sms-name="" src="" sourcevalue="" srcformatvalue="" target="response" targetdatatype="java.lang.String" testvalue="" value="">
                        <accessType></accessType>
                    </param>
                    <param datatype="boolean" defaultvalue="" description="" encode="true" format="None" formatvalue="" name="refundable" order="" passnull="false" sms-name="" src="" sourcevalue="" srcformatvalue="" target="response" targetdatatype="java.lang.String" testvalue="" value="">
                        <accessType></accessType>
                    </param>
                </record>
            </record>
            <record id="inbound" order="" src="">
                <dataset id="flights" order="" src="">
                    <param datatype="string" defaultvalue="" description="" encode="true" format="None" formatvalue="" name="aircraft" order="" passnull="false" sms-name="" src="" sourcevalue="" srcformatvalue="" target="response" targetdatatype="java.lang.String" testvalue="" value="">
                        <accessType></accessType>
                    </param>
                    <param datatype="string" defaultvalue="" description="" encode="true" format="None" formatvalue="" name="arrives_at" order="" passnull="false" sms-name="" src="" sourcevalue="" srcformatvalue="" target="response" targetdatatype="java.lang.String" testvalue="" value="">
                        <accessType></accessType>
                    </param>
                    <param datatype="string" defaultvalue="" description="" encode="true" format="None" formatvalue="" name="departs_at" order="" passnull="false" sms-name="" src="" sourcevalue="" srcformatvalue="" target="response" targetdatatype="java.lang.String" testvalue="" value="">
                        <accessType></accessType>
                    </param>
                    <param datatype="string" defaultvalue="" description="" encode="true" format="None" formatvalue="" name="flight_number" order="" passnull="false" sms-name="" src="" sourcevalue="" srcformatvalue="" target="response" targetdatatype="java.lang.String" testvalue="" value="">
                        <accessType></accessType>
                    </param>
                    <param datatype="string" defaultvalue="" description="" encode="true" format="None" formatvalue="" name="marketing_airline" order="" passnull="false" sms-name="" src="" sourcevalue="" srcformatvalue="" target="response" targetdatatype="java.lang.String" testvalue="" value="">
                        <accessType></accessType>
                    </param>
                    <param datatype="string" defaultvalue="" description="" encode="true" format="None" formatvalue="" name="operating_airline" order="" passnull="false" sms-name="" src="" sourcevalue="" srcformatvalue="" target="response" targetdatatype="java.lang.String" testvalue="" value="">
                        <accessType></accessType>
                    </param>
                    <record id="booking_info" order="" src="">
                        <param datatype="string" defaultvalue="" description="" encode="true" format="None" formatvalue="" name="booking_code" order="" passnull="false" sms-name="" src="" sourcevalue="" srcformatvalue="" target="response" targetdatatype="java.lang.String" testvalue="" value="">
                            <accessType></accessType>
                        </param>
                        <param datatype="string" defaultvalue="" description="" encode="true" format="None" formatvalue="" name="cabin_code" order="" passnull="false" sms-name="" src="" sourcevalue="" srcformatvalue="" target="response" targetdatatype="java.lang.String" testvalue="" value="">
                            <accessType></accessType>
                        </param>
                        <param datatype="string" defaultvalue="" description="" encode="true" format="None" formatvalue="" name="fare_basis" order="" passnull="false" sms-name="" src="" sourcevalue="" srcformatvalue="" target="response" targetdatatype="java.lang.String" testvalue="" value="">
                            <accessType></accessType>
                        </param>
                        <param datatype="string" defaultvalue="" description="" encode="true" format="None" formatvalue="" name="fare_family" order="" passnull="false" sms-name="" src="" sourcevalue="" srcformatvalue="" target="response" targetdatatype="java.lang.String" testvalue="" value="">
                            <accessType></accessType>
                        </param>
                        <param datatype="string" defaultvalue="" description="" encode="true" format="None" formatvalue="" name="seats_remaining" order="" passnull="false" sms-name="" src="" sourcevalue="" srcformatvalue="" target="response" targetdatatype="java.lang.String" testvalue="" value="">
                            <accessType></accessType>
                        </param>
                        <param datatype="string" defaultvalue="" description="" encode="true" format="None" formatvalue="" name="travel_class" order="" passnull="false" sms-name="" src="" sourcevalue="" srcformatvalue="" target="response" targetdatatype="java.lang.String" testvalue="" value="">
                            <accessType></accessType>
                        </param>
                    </record>
                    <record id="destination" order="" src="">
                        <param datatype="string" defaultvalue="" description="" encode="true" format="None" formatvalue="" name="airport" order="" passnull="false" sms-name="" src="" sourcevalue="" srcformatvalue="" target="response" targetdatatype="java.lang.String" testvalue="" value="">
                            <accessType></accessType>
                        </param>
                        <param datatype="string" defaultvalue="" description="" encode="true" format="None" formatvalue="" name="terminal" order="" passnull="false" sms-name="" src="" sourcevalue="" srcformatvalue="" target="response" targetdatatype="java.lang.String" testvalue="" value="">
                            <accessType></accessType>
                        </param>
                    </record>
                    <record id="origin" order="" src="">
                        <param datatype="string" defaultvalue="" description="" encode="true" format="None" formatvalue="" name="airport" order="" passnull="false" sms-name="" src="" sourcevalue="" srcformatvalue="" target="response" targetdatatype="java.lang.String" testvalue="" value="">
                            <accessType></accessType>
                        </param>
                        <param datatype="string" defaultvalue="" description="" encode="true" format="None" formatvalue="" name="terminal" order="" passnull="false" sms-name="" src="" sourcevalue="" srcformatvalue="" target="response" targetdatatype="java.lang.String" testvalue="" value="">
                            <accessType></accessType>
                        </param>
                    </record>
                </dataset>
                <param datatype="string" defaultvalue="" description="" encode="true" format="None" formatvalue="" name="duration" order="" passnull="false" sms-name="" src="" sourcevalue="" srcformatvalue="" target="response" targetdatatype="java.lang.String" testvalue="" value="">
                    <accessType></accessType>
                </param>
            </record>
            <record id="outbound" order="" src="">
                <dataset id="flights" order="" src="">
                    <param datatype="string" defaultvalue="" description="" encode="true" format="None" formatvalue="" name="aircraft" order="" passnull="false" sms-name="" src="" sourcevalue="" srcformatvalue="" target="response" targetdatatype="java.lang.String" testvalue="" value="">
                        <accessType></accessType>
                    </param>
                    <param datatype="string" defaultvalue="" description="" encode="true" format="None" formatvalue="" name="arrives_at" order="" passnull="false" sms-name="" src="" sourcevalue="" srcformatvalue="" target="response" targetdatatype="java.lang.String" testvalue="" value="">
                        <accessType></accessType>
                    </param>
                    <param datatype="string" defaultvalue="" description="" encode="true" format="None" formatvalue="" name="departs_at" order="" passnull="false" sms-name="" src="" sourcevalue="" srcformatvalue="" target="response" targetdatatype="java.lang.String" testvalue="" value="">
                        <accessType></accessType>
                    </param>
                    <param datatype="string" defaultvalue="" description="" encode="true" format="None" formatvalue="" name="flight_number" order="" passnull="false" sms-name="" src="" sourcevalue="" srcformatvalue="" target="response" targetdatatype="java.lang.String" testvalue="" value="">
                        <accessType></accessType>
                    </param>
                    <param datatype="string" defaultvalue="" description="" encode="true" format="None" formatvalue="" name="marketing_airline" order="" passnull="false" sms-name="" src="" sourcevalue="" srcformatvalue="" target="response" targetdatatype="java.lang.String" testvalue="" value="">
                        <accessType></accessType>
                    </param>
                    <param datatype="string" defaultvalue="" description="" encode="true" format="None" formatvalue="" name="operating_airline" order="" passnull="false" sms-name="" src="" sourcevalue="" srcformatvalue="" target="response" targetdatatype="java.lang.String" testvalue="" value="">
                        <accessType></accessType>
                    </param>
                    <record id="booking_info" order="" src="">
                        <param datatype="string" defaultvalue="" description="" encode="true" format="None" formatvalue="" name="booking_code" order="" passnull="false" sms-name="" src="" sourcevalue="" srcformatvalue="" target="response" targetdatatype="java.lang.String" testvalue="" value="">
                            <accessType></accessType>
                        </param>
                        <param datatype="string" defaultvalue="" description="" encode="true" format="None" formatvalue="" name="cabin_code" order="" passnull="false" sms-name="" src="" sourcevalue="" srcformatvalue="" target="response" targetdatatype="java.lang.String" testvalue="" value="">
                            <accessType></accessType>
                        </param>
                        <param datatype="string" defaultvalue="" description="" encode="true" format="None" formatvalue="" name="fare_basis" order="" passnull="false" sms-name="" src="" sourcevalue="" srcformatvalue="" target="response" targetdatatype="java.lang.String" testvalue="" value="">
                            <accessType></accessType>
                        </param>
                        <param datatype="string" defaultvalue="" description="" encode="true" format="None" formatvalue="" name="fare_family" order="" passnull="false" sms-name="" src="" sourcevalue="" srcformatvalue="" target="response" targetdatatype="java.lang.String" testvalue="" value="">
                            <accessType></accessType>
                        </param>
                        <param datatype="string" defaultvalue="" description="" encode="true" format="None" formatvalue="" name="seats_remaining" order="" passnull="false" sms-name="" src="" sourcevalue="" srcformatvalue="" target="response" targetdatatype="java.lang.String" testvalue="" value="">
                            <accessType></accessType>
                        </param>
                        <param datatype="string" defaultvalue="" description="" encode="true" format="None" formatvalue="" name="travel_class" order="" passnull="false" sms-name="" src="" sourcevalue="" srcformatvalue="" target="response" targetdatatype="java.lang.String" testvalue="" value="">
                            <accessType></accessType>
                        </param>
                    </record>
                    <record id="destination" order="" src="">
                        <param datatype="string" defaultvalue="" description="" encode="true" format="None" formatvalue="" name="airport" order="" passnull="false" sms-name="" src="" sourcevalue="" srcformatvalue="" target="response" targetdatatype="java.lang.String" testvalue="" value="">
                            <accessType></accessType>
                        </param>
                        <param datatype="string" defaultvalue="" description="" encode="true" format="None" formatvalue="" name="terminal" order="" passnull="false" sms-name="" src="" sourcevalue="" srcformatvalue="" target="response" targetdatatype="java.lang.String" testvalue="" value="">
                            <accessType></accessType>
                        </param>
                    </record>
                    <record id="origin" order="" src="">
                        <param datatype="string" defaultvalue="" description="" encode="true" format="None" formatvalue="" name="airport" order="" passnull="false" sms-name="" src="" sourcevalue="" srcformatvalue="" target="response" targetdatatype="java.lang.String" testvalue="" value="">
                            <accessType></accessType>
                        </param>
                        <param datatype="string" defaultvalue="" description="" encode="true" format="None" formatvalue="" name="terminal" order="" passnull="false" sms-name="" src="" sourcevalue="" srcformatvalue="" target="response" targetdatatype="java.lang.String" testvalue="" value="">
                            <accessType></accessType>
                        </param>
                    </record>
                </dataset>
                <param datatype="string" defaultvalue="" description="" encode="true" format="None" formatvalue="" name="duration" order="" passnull="false" sms-name="" src="" sourcevalue="" srcformatvalue="" target="response" targetdatatype="java.lang.String" testvalue="" value="">
                    <accessType></accessType>
                </param>
            </record>
            <record id="payout" order="" src="">
                <record id="CPA" order="" src="">
                    <param datatype="string" defaultvalue="" description="" encode="true" format="None" formatvalue="" name="amount" order="" passnull="false" sms-name="" src="" sourcevalue="" srcformatvalue="" target="response" targetdatatype="java.lang.String" testvalue="" value="">
                        <accessType></accessType>
                    </param>
                    <param datatype="string" defaultvalue="" description="" encode="true" format="None" formatvalue="" name="currency" order="" passnull="false" sms-name="" src="" sourcevalue="" srcformatvalue="" target="response" targetdatatype="java.lang.String" testvalue="" value="">
                        <accessType></accessType>
                    </param>
                </record>
                <record id="CPC" order="" src="">
                    <param datatype="string" defaultvalue="" description="" encode="true" format="None" formatvalue="" name="amount" order="" passnull="false" sms-name="" src="" sourcevalue="" srcformatvalue="" target="response" targetdatatype="java.lang.String" testvalue="" value="">
                        <accessType></accessType>
                    </param>
                    <param datatype="string" defaultvalue="" description="" encode="true" format="None" formatvalue="" name="currency" order="" passnull="false" sms-name="" src="" sourcevalue="" srcformatvalue="" target="response" targetdatatype="java.lang.String" testvalue="" value="">
                        <accessType></accessType>
                    </param>
                </record>
                <record id="CPS" order="" src="">
                    <param datatype="string" defaultvalue="" description="" encode="true" format="None" formatvalue="" name="amount" order="" passnull="false" sms-name="" src="" sourcevalue="" srcformatvalue="" target="response" targetdatatype="java.lang.String" testvalue="" value="">
                        <accessType></accessType>
                    </param>
                    <param datatype="string" defaultvalue="" description="" encode="true" format="None" formatvalue="" name="currency" order="" passnull="false" sms-name="" src="" sourcevalue="" srcformatvalue="" target="response" targetdatatype="java.lang.String" testvalue="" value="">
                        <accessType></accessType>
                    </param>
                </record>
            </record>
        </dataset>
        <record id="meta" order="" src=""/>
    </service-output>
</service>
