{
  "name" : "reusableFacebookLogin",
  "displayName" : "reusableFacebookLogin",
  "type" : "facebook",
  "version" : "1.0",
  "metaPreference" : -1,
  "config" : "{\"scope\":\"email\",\"callback\":\"http://kh2191.kitspl.com:9090/authService/100000002/oauth2/callback\",\"client_secret\":\"48f191f6a60809093b43285b1968871c\",\"client_id\":\"1009543362510308\",\"url\":\"https://graph.facebook.com\"}",
  "policyConfig" : "{\"max_login_fail\":5,\"def_user_status\":\"pending\"}",
  "admissionPolicy" : "no_approval_needed",
  "ssoenabled" : false
}