<?xml version="1.0" encoding="UTF-8" standalone="yes"?>
<service serviceGroup="" cachable="false" cacheduration="" endpoint="default" groupType="" id="access" passwordencrypted="false" security="authorized_app_user" type="jsonConnector" smscode="" smsenabled="false">
    <service-config>
        <config-param api-version="" appid="" name="preprocessorname" value=""/>
        <config-param api-version="" appid="" name="postprocessorname" value=""/>
        <config-param api-version="" appid="" name="preprocessorJS" value=""/>
        <config-param api-version="" appid="" name="postprocessorJS" value=""/>
        <config-param api-version="" appid="" name="endpointUrl" value="https://graph.facebook.com/v2.8/me?fields=first_name,last_name,email,id,name,picture.width(500)&amp;picture.height(500),&amp;access_token=$access_token"/>
        <config-param api-version="" appid="" name="ignorehttpproxy" value="true"/>
        <config-param api-version="" appid="" name="http.method" value="GET"/>
        <config-param api-version="" appid="" name="dataObjectName" value=""/>
        <config-param api-version="" appid="" name="sockettimeout" value=""/>
        <config-param api-version="" appid="" name="responseEncoding" value="UTF-8"/>
        <config-param api-version="" appid="" name="isembedxmlpresent" value="false"/>
        <config-param api-version="" appid="" name="retrycount" value="0"/>
    </service-config>
    <service-input passthrough="false">
        <header datatype="" name="" passthrough="false"/>
        <param datatype="string" defaultvalue="EAAOWLKGBZCeQBAIFhXMGhtZAiPTnAwqsDFgk1QcZC9jG99M5hP9wmk4ZCiYAwUwKm1VtnVFog4JB1gXN9AFJAa4PmZBOeapq8Wa2b9LJgnjRCACVMUBb8cxfzw0LtD7EfCkTSZCH4pMggeRpoNFnEDzci9ZCpCY79UAJsmAxxZBhewZDZD" description="" encode="true" format="None" formatvalue="" name="access_token" order="" passnull="false" sms-name="" src="request" sourcevalue="" srcformatvalue="" target="request" targetdatatype="java.lang.String" testvalue="" value="EAAOWLKGBZCeQBAIFhXMGhtZAiPTnAwqsDFgk1QcZC9jG99M5hP9wmk4ZCiYAwUwKm1VtnVFog4JB1gXN9AFJAa4PmZBOeapq8Wa2b9LJgnjRCACVMUBb8cxfzw0LtD7EfCkTSZCH4pMggeRpoNFnEDzci9ZCpCY79UAJsmAxxZBhewZDZD">
            <accessType></accessType>
        </param>
    </service-input>
    <service-output passthrough="false">
        <param datatype="string" defaultvalue="" description="" encode="true" format="None" formatvalue="" name="first_name" order="" passnull="false" sms-name="" src="//first_name" sourcevalue="" srcformatvalue="" target="response" targetdatatype="java.lang.String" testvalue="" value="">
            <accessType></accessType>
        </param>
        <param datatype="string" defaultvalue="" description="" encode="true" format="None" formatvalue="" name="last_name" order="" passnull="false" sms-name="" src="//last_name" sourcevalue="" srcformatvalue="" target="response" targetdatatype="java.lang.String" testvalue="" value="">
            <accessType></accessType>
        </param>
        <param datatype="string" defaultvalue="" description="" encode="true" format="None" formatvalue="" name="email" order="" passnull="false" sms-name="" src="//email" sourcevalue="" srcformatvalue="" target="response" targetdatatype="java.lang.String" testvalue="" value="">
            <accessType></accessType>
        </param>
        <param datatype="string" defaultvalue="" description="" encode="true" format="None" formatvalue="" name="name" order="" passnull="false" sms-name="" src="//name" sourcevalue="" srcformatvalue="" target="response" targetdatatype="java.lang.String" testvalue="" value="">
            <accessType></accessType>
        </param>
        <param datatype="string" defaultvalue="" description="" encode="true" format="None" formatvalue="" name="picture" order="" passnull="false" sms-name="" src="//picture/data/url" sourcevalue="" srcformatvalue="" target="response" targetdatatype="java.lang.String" testvalue="" value="">
            <accessType></accessType>
        </param>
    </service-output>
</service>
