{
  "operationConfig" : {
    "name" : "Flight_Affiliate_Search4719",
    "type" : "MappedToBackend",
    "cachable" : false,
    "smsEnabled" : false,
    "security" : "public",
    "responseEncoding" : "UTF-8",
    "httpMethod" : "GET",
    "decodeResponseBody" : false,
    "iMapping" : "<?xml version=\"1.0\" encoding=\"UTF-8\" standalone=\"yes\"?><mapper xmlns=\"http://www.kony.com/ns/mapper\">  <map inputpath=\"request_in\" outputpath=\"request_out\">    <set-param inputpath=\"infants\" outputpath=\"infants\"/>    <set-param inputpath=\"max_price\" outputpath=\"max_price\"/>    <set-param inputpath=\"children\" outputpath=\"children\"/>    <set-param inputpath=\"origin\" outputpath=\"origin\"/>    <set-param inputpath=\"departure_date\" outputpath=\"departure_date\"/>    <set-param inputpath=\"adults\" outputpath=\"adults\"/>    <set-param inputpath=\"destination\" outputpath=\"destination\"/>    <set-param inputpath=\"mobile\" outputpath=\"mobile\"/>    <set-param inputpath=\"include_merchants\" outputpath=\"include_merchants\"/>    <set-param inputpath=\"currency\" outputpath=\"currency\"/>    <set-param inputpath=\"return_date\" outputpath=\"return_date\"/>    <set-param inputpath=\"exclude_merchants\" outputpath=\"exclude_merchants\"/>  </map></mapper>",
    "applyCommonMapping" : true,
    "backendMeta" : {
      "serviceVersion" : "1.0",
      "operationName" : "Flight_Affiliate_Search",
      "serviceName" : "Amadeus"
    },
    "relationshipHierarchyMapping" : {
      "children" : [ ],
      "name" : "getFlights",
      "selected" : true
    },
    "requestXmlMappingOverride" : true,
    "responseXmlMappingOverride" : true
  }
}