{
  "operationConfig" : {
    "name" : "Airport_Autocomplete3086",
    "type" : "MappedToBackend",
    "cachable" : false,
    "smsEnabled" : false,
    "security" : "public",
    "responseEncoding" : "UTF-8",
    "httpMethod" : "GET",
    "decodeResponseBody" : false,
    "iMapping" : "<?xml version=\"1.0\" encoding=\"UTF-8\" standalone=\"yes\"?><mapper xmlns=\"http://www.kony.com/ns/mapper\">                    <map inputpath=\"request_in\" outputpath=\"request_out\">                                        <set-param inputpath=\"country\" outputpath=\"country\"/>                                        <set-param inputpath=\"all_airports\" outputpath=\"all_airports\"/>                                        <set-param inputpath=\"term\" outputpath=\"term\"/>                    </map></mapper>",
    "oMapping" : "<?xml version=\"1.0\" encoding=\"UTF-8\" standalone=\"yes\"?><mapper xmlns=\"http://www.kony.com/ns/mapper\">                    <map inputpath=\"response_in\" outputpath=\"response_out\">                                   <map inputpath=\"Records\" outputpath=\"Records\">                                                 <set-param inputpath=\"label\" outputpath=\"label\"/>                                                      <set-param inputpath=\"value\" outputpath=\"value\"/>                                  </map>               </map></mapper>",
    "applyCommonMapping" : false,
    "backendMeta" : {
      "serviceVersion" : "1.0",
      "operationName" : "Airport_Autocomplete",
      "serviceName" : "Amadeus"
    },
    "relationshipHierarchyMapping" : {
      "children" : [ ],
      "name" : "airportAC",
      "selected" : true
    },
    "requestXmlMappingOverride" : true,
    "responseXmlMappingOverride" : true
  }
}