<?xml version="1.0" encoding="UTF-8" standalone="yes"?>
<service serviceGroup="" cachable="false" cacheduration="" endpoint="default" groupType="" id="getHotels" passwordencrypted="false" security="public" type="jsonConnector" smscode="" smsenabled="false">
    <service-config>
        <config-param api-version="" appid="" name="preprocessorname" value=""/>
        <config-param api-version="" appid="" name="postprocessorname" value=""/>
        <config-param api-version="" appid="" name="preprocessorJS" value=""/>
        <config-param api-version="" appid="" name="postprocessorJS" value=""/>
        <config-param api-version="" appid="" name="endpointUrl" value="https://www.goibibo.com/hotels/search-data/?app_id=30fd387d&amp;app_key=00b0c8f66bf440f79b10f304b74a2ec6&amp;vcid=$city_id&amp;ci=checkin&amp;co=20170605&amp;r=$r&amp;pid=$pid"/>
        <config-param api-version="" appid="" name="ignorehttpproxy" value="true"/>
        <config-param api-version="" appid="" name="http.method" value="GET"/>
        <config-param api-version="" appid="" name="dataObjectName" value=""/>
        <config-param api-version="" appid="" name="sockettimeout" value=""/>
        <config-param api-version="" appid="" name="responseEncoding" value="UTF-8"/>
        <config-param api-version="" appid="" name="isembedxmlpresent" value="false"/>
        <config-param api-version="" appid="" name="retrycount" value="0"/>
    </service-config>
    <service-input passthrough="false">
        <header datatype="" name="" passthrough="false"/>
        <param datatype="string" defaultvalue="6492440167096287044" description="" encode="true" format="None" formatvalue="" name="city_id" order="" passnull="false" sms-name="" src="request" sourcevalue="" srcformatvalue="" target="request" targetdatatype="java.lang.String" testvalue="" value="6492440167096287044">
            <accessType></accessType>
        </param>
        <param datatype="string" defaultvalue="20170602" description="" encode="true" format="None" formatvalue="" name="checkin" order="" passnull="false" sms-name="" src="request" sourcevalue="" srcformatvalue="" target="request" targetdatatype="java.lang.String" testvalue="" value="20170602">
            <accessType></accessType>
        </param>
        <param datatype="string" defaultvalue="20170605" description="" encode="true" format="None" formatvalue="" name="checkout" order="" passnull="false" sms-name="" src="request" sourcevalue="" srcformatvalue="" target="request" targetdatatype="java.lang.String" testvalue="" value="20170605">
            <accessType></accessType>
        </param>
        <param datatype="string" defaultvalue="1-0_0" description="" encode="true" format="None" formatvalue="" name="r" order="" passnull="false" sms-name="" src="request" sourcevalue="" srcformatvalue="" target="request" targetdatatype="java.lang.String" testvalue="" value="1-0_0">
            <accessType></accessType>
        </param>
        <param datatype="string" defaultvalue="1" description="" encode="true" format="None" formatvalue="" name="pid" order="" passnull="false" sms-name="" src="request" sourcevalue="" srcformatvalue="" target="request" targetdatatype="java.lang.String" testvalue="" value="1">
            <accessType></accessType>
        </param>
    </service-input>
    <service-output passthrough="false"/>
</service>
