[ {
  "name" : "all_airports",
  "sourceFieldname" : "all_airports",
  "description" : "all_airports",
  "dataType" : "boolean",
  "hasIndex" : false,
  "unique" : false,
  "primarykey" : false,
  "namefield" : false,
  "nullable" : true,
  "custom" : false,
  "createable" : true,
  "updateable" : true,
  "audit" : false,
  "customizable" : false,
  "fieldProperties" : {
    "autoGenerated" : "false"
  }
}, {
  "name" : "country",
  "sourceFieldname" : "country",
  "description" : "country",
  "dataType" : "string",
  "hasIndex" : false,
  "unique" : false,
  "primarykey" : false,
  "namefield" : false,
  "nullable" : true,
  "custom" : false,
  "createable" : true,
  "updateable" : true,
  "audit" : false,
  "customizable" : false,
  "fieldProperties" : {
    "autoGenerated" : "false"
  }
}, {
  "name" : "label",
  "sourceFieldname" : "label",
  "description" : "label",
  "dataType" : "string",
  "hasIndex" : false,
  "unique" : false,
  "primarykey" : false,
  "namefield" : false,
  "nullable" : true,
  "custom" : false,
  "createable" : true,
  "updateable" : true,
  "audit" : false,
  "customizable" : false,
  "fieldProperties" : {
    "autoGenerated" : "false"
  }
}, {
  "name" : "term",
  "sourceFieldname" : "term",
  "description" : "term",
  "dataType" : "string",
  "hasIndex" : false,
  "unique" : false,
  "primarykey" : false,
  "namefield" : false,
  "nullable" : true,
  "custom" : false,
  "createable" : true,
  "updateable" : true,
  "audit" : false,
  "customizable" : false,
  "fieldProperties" : {
    "autoGenerated" : "false"
  }
}, {
  "name" : "value",
  "sourceFieldname" : "value",
  "description" : "value",
  "dataType" : "string",
  "hasIndex" : false,
  "unique" : false,
  "primarykey" : false,
  "namefield" : false,
  "nullable" : true,
  "custom" : false,
  "createable" : true,
  "updateable" : true,
  "audit" : false,
  "customizable" : false,
  "fieldProperties" : {
    "autoGenerated" : "false"
  }
} ]