[ {
  "name" : "arrival",
  "sourceFieldname" : "arrival",
  "description" : "arrival",
  "dataType" : "date",
  "hasIndex" : false,
  "unique" : false,
  "primarykey" : false,
  "namefield" : false,
  "nullable" : true,
  "custom" : false,
  "createable" : true,
  "updateable" : true,
  "audit" : false,
  "customizable" : false,
  "fieldLength" : 19,
  "fieldProperties" : {
    "autoGenerated" : "false"
  }
}, {
  "name" : "class",
  "sourceFieldname" : "class",
  "description" : "class",
  "dataType" : "string",
  "hasIndex" : false,
  "unique" : false,
  "primarykey" : false,
  "namefield" : false,
  "nullable" : true,
  "custom" : false,
  "createable" : true,
  "updateable" : true,
  "audit" : false,
  "customizable" : false,
  "fieldLength" : 20,
  "fieldProperties" : {
    "autoGenerated" : "false"
  }
}, {
  "name" : "cost",
  "sourceFieldname" : "cost",
  "description" : "cost",
  "dataType" : "string",
  "hasIndex" : false,
  "unique" : false,
  "primarykey" : false,
  "namefield" : false,
  "nullable" : true,
  "custom" : false,
  "createable" : true,
  "updateable" : true,
  "audit" : false,
  "customizable" : false,
  "fieldLength" : 200,
  "fieldProperties" : {
    "autoGenerated" : "false"
  }
}, {
  "name" : "depature",
  "sourceFieldname" : "depature",
  "description" : "depature",
  "dataType" : "date",
  "hasIndex" : false,
  "unique" : false,
  "primarykey" : false,
  "namefield" : false,
  "nullable" : true,
  "custom" : false,
  "createable" : true,
  "updateable" : true,
  "audit" : false,
  "customizable" : false,
  "fieldLength" : 19,
  "fieldProperties" : {
    "autoGenerated" : "false"
  }
}, {
  "name" : "flight_booking_id",
  "sourceFieldname" : "flight_booking_id",
  "description" : "flight_booking_id",
  "dataType" : "number",
  "hasIndex" : false,
  "unique" : false,
  "primarykey" : true,
  "namefield" : false,
  "nullable" : false,
  "custom" : false,
  "createable" : false,
  "updateable" : false,
  "audit" : false,
  "customizable" : false,
  "fieldLength" : 10,
  "fieldProperties" : {
    "autoGenerated" : "true"
  }
}, {
  "name" : "flight_name",
  "sourceFieldname" : "flight_name",
  "description" : "flight_name",
  "dataType" : "string",
  "hasIndex" : false,
  "unique" : false,
  "primarykey" : false,
  "namefield" : false,
  "nullable" : true,
  "custom" : false,
  "createable" : true,
  "updateable" : true,
  "audit" : false,
  "customizable" : false,
  "fieldLength" : 45,
  "fieldProperties" : {
    "autoGenerated" : "false"
  }
}, {
  "name" : "flight_no",
  "sourceFieldname" : "flight_no",
  "description" : "flight_no",
  "dataType" : "string",
  "hasIndex" : false,
  "unique" : false,
  "primarykey" : false,
  "namefield" : false,
  "nullable" : true,
  "custom" : false,
  "createable" : true,
  "updateable" : true,
  "audit" : false,
  "customizable" : false,
  "fieldLength" : 45,
  "fieldProperties" : {
    "autoGenerated" : "false"
  }
}, {
  "name" : "from",
  "sourceFieldname" : "from",
  "description" : "from",
  "dataType" : "string",
  "hasIndex" : false,
  "unique" : false,
  "primarykey" : false,
  "namefield" : false,
  "nullable" : true,
  "custom" : false,
  "createable" : true,
  "updateable" : true,
  "audit" : false,
  "customizable" : false,
  "fieldLength" : 45,
  "fieldProperties" : {
    "autoGenerated" : "false"
  }
}, {
  "name" : "rating_default",
  "sourceFieldname" : "rating_default",
  "description" : "rating_default",
  "dataType" : "string",
  "hasIndex" : false,
  "unique" : false,
  "primarykey" : false,
  "namefield" : false,
  "nullable" : true,
  "custom" : false,
  "createable" : true,
  "updateable" : true,
  "audit" : false,
  "customizable" : false,
  "fieldLength" : 45,
  "fieldProperties" : {
    "autoGenerated" : "false"
  }
}, {
  "name" : "rating_user",
  "sourceFieldname" : "rating_user",
  "description" : "rating_user",
  "dataType" : "string",
  "hasIndex" : false,
  "unique" : false,
  "primarykey" : false,
  "namefield" : false,
  "nullable" : true,
  "custom" : false,
  "createable" : true,
  "updateable" : true,
  "audit" : false,
  "customizable" : false,
  "fieldLength" : 45,
  "fieldProperties" : {
    "autoGenerated" : "false"
  }
}, {
  "name" : "softdel",
  "sourceFieldname" : "softdel",
  "description" : "softdel",
  "dataType" : "boolean",
  "hasIndex" : false,
  "unique" : false,
  "primarykey" : false,
  "namefield" : false,
  "nullable" : true,
  "custom" : false,
  "createable" : true,
  "updateable" : true,
  "audit" : false,
  "customizable" : false,
  "fieldLength" : 0,
  "fieldProperties" : {
    "autoGenerated" : "false"
  }
}, {
  "name" : "to",
  "sourceFieldname" : "to",
  "description" : "to",
  "dataType" : "string",
  "hasIndex" : false,
  "unique" : false,
  "primarykey" : false,
  "namefield" : false,
  "nullable" : true,
  "custom" : false,
  "createable" : true,
  "updateable" : true,
  "audit" : false,
  "customizable" : false,
  "fieldLength" : 45,
  "fieldProperties" : {
    "autoGenerated" : "false"
  }
}, {
  "name" : "user_id",
  "sourceFieldname" : "user_id",
  "description" : "user_id",
  "dataType" : "number",
  "hasIndex" : false,
  "unique" : false,
  "primarykey" : false,
  "namefield" : false,
  "nullable" : true,
  "custom" : false,
  "createable" : true,
  "updateable" : true,
  "audit" : false,
  "customizable" : false,
  "fieldLength" : 10,
  "fieldProperties" : {
    "autoGenerated" : "false"
  }
} ]