{
  "type" : "lob",
  "custom" : false,
  "junction" : false,
  "customizable" : false,
  "verbs" : {
    "get" : "getMapping",
    "create" : "createMapping",
    "update" : "updateMapping",
    "partialupdate" : "partialupdateMapping",
    "delete" : "deleteMapping"
  },
  "entityProperties" : {
    "BatchMode" : "pagination",
    "designTimeBackendMeta" : {
      "backendObjectName" : "flight_bookings",
      "qualifiedName" : "travel_data.flight_bookings",
      "metadataformatterobject" : "{\"name\":\"flight_bookings\",\"displayName\":\"flight_bookings\",\"qualifiedName\":\"travel_data.flight_bookings\",\"schemaName\":\"travel_data\",\"tableName\":\"flight_bookings\",\"entityType\":\"com.kony.rdbms.metadata.model.AnnotatedTable\"}"
    },
    "backendMeta" : {
      "backendObjectName" : "flight_bookings",
      "qualifiedName" : "travel_data.flight_bookings",
      "metadataformatterobject" : "{\"name\":\"flight_bookings\",\"displayName\":\"flight_bookings\",\"qualifiedName\":\"travel_data.flight_bookings\",\"schemaName\":\"travel_data\",\"tableName\":\"flight_bookings\",\"entityType\":\"com.kony.rdbms.metadata.model.AnnotatedTable\"}"
    }
  },
  "commonMappings" : [ {
    "sourceFieldName" : "cost",
    "targetField" : "cost",
    "type" : "request_response"
  }, {
    "sourceFieldName" : "arrival",
    "targetField" : "arrival",
    "type" : "request_response"
  }, {
    "sourceFieldName" : "rating_user",
    "targetField" : "rating_user",
    "type" : "request_response"
  }, {
    "sourceFieldName" : "softdel",
    "targetField" : "softdel",
    "type" : "request_response"
  }, {
    "sourceFieldName" : "flight_booking_id",
    "targetField" : "flight_booking_id",
    "type" : "request_response"
  }, {
    "sourceFieldName" : "rating_default",
    "targetField" : "rating_default",
    "type" : "request_response"
  }, {
    "sourceFieldName" : "depature",
    "targetField" : "depature",
    "type" : "request_response"
  }, {
    "sourceFieldName" : "flight_no",
    "targetField" : "flight_no",
    "type" : "request_response"
  }, {
    "sourceFieldName" : "user_id",
    "targetField" : "user_id",
    "type" : "request_response"
  }, {
    "sourceFieldName" : "flight_name",
    "targetField" : "flight_name",
    "type" : "request_response"
  }, {
    "sourceFieldName" : "from",
    "targetField" : "from",
    "type" : "request_response"
  }, {
    "sourceFieldName" : "to",
    "targetField" : "to",
    "type" : "request_response"
  }, {
    "sourceFieldName" : "class",
    "targetField" : "class",
    "type" : "request_response"
  } ]
}