{
  "operationConfig" : {
    "name" : "Hotel_Geosearch_By_Circle2893",
    "type" : "MappedToBackend",
    "cachable" : false,
    "smsEnabled" : false,
    "security" : "public",
    "responseEncoding" : "UTF-8",
    "httpMethod" : "GET",
    "decodeResponseBody" : false,
    "applyCommonMapping" : true,
    "backendMeta" : {
      "serviceVersion" : "1.0",
      "operationName" : "Hotel_Geosearch_By_Circle",
      "serviceName" : "Amadeus"
    },
    "requestXmlMappingOverride" : false,
    "responseXmlMappingOverride" : false
  }
}