{
  "icon" : "icon.png",
  "description" : "This app is created from Studio App konyTravel.\r\n",
  "subType" : "customapp",
  "identity" : [ "reusableLinkedinLogin", "reusableFacebookLogin", "reusableOffice365Login", "userstore" ],
  "intSvcs" : [ {
    "name" : "getFBProfile",
    "version" : "1.0"
  }, {
    "name" : "Amadeus",
    "version" : "1.0"
  }, {
    "name" : "Goibibo",
    "version" : "1.0"
  }, {
    "name" : "getLatLang",
    "version" : "1.0"
  } ],
  "orchSvcs" : [ {
    "name" : "GetLocationCoordsLoop",
    "version" : "1.0"
  }, {
    "name" : "GetHotelDetails",
    "version" : "1.0"
  } ],
  "objectSvcs" : [ {
    "name" : "BookingsObject",
    "version" : "1.0"
  }, {
    "name" : "amadeousobj",
    "version" : "1.0"
  } ]
}