<?xml version="1.0" encoding="UTF-8" standalone="yes"?>
<endpoint dataAdapterId="c81d239f-9f5d-4430-b789-0adcdf203566" encryptSecureInfo="false" name="default" type="CustomDataAdapter">
    <apiThrottling/>
    <config>
        <entry>
            <key>http_auth_mode</key>
            <value>none</value>
        </entry>
        <entry>
            <key>apikey</key>
            <value>BKEuoMutfOAwQ7e9AG1Y1almTzATKHVO</value>
        </entry>
        <entry>
            <key>identityProviderType</key>
        </entry>
        <entry>
            <key>identityProvider</key>
        </entry>
        <entry>
            <key>authservicetype</key>
            <value>IdentityProvider</value>
        </entry>
    </config>
</endpoint>
