[ {
  "name" : "email_id",
  "sourceFieldname" : "email_id",
  "description" : "email_id",
  "dataType" : "string",
  "hasIndex" : false,
  "unique" : false,
  "primarykey" : false,
  "namefield" : false,
  "nullable" : true,
  "custom" : false,
  "createable" : true,
  "updateable" : true,
  "audit" : false,
  "customizable" : false,
  "fieldLength" : 60,
  "fieldProperties" : {
    "autoGenerated" : "false"
  }
}, {
  "name" : "first_name",
  "sourceFieldname" : "first_name",
  "description" : "first_name",
  "dataType" : "string",
  "hasIndex" : false,
  "unique" : false,
  "primarykey" : false,
  "namefield" : false,
  "nullable" : true,
  "custom" : false,
  "createable" : true,
  "updateable" : true,
  "audit" : false,
  "customizable" : false,
  "fieldLength" : 50,
  "fieldProperties" : {
    "autoGenerated" : "false"
  }
}, {
  "name" : "last_name",
  "sourceFieldname" : "last_name",
  "description" : "last_name",
  "dataType" : "string",
  "hasIndex" : false,
  "unique" : false,
  "primarykey" : false,
  "namefield" : false,
  "nullable" : true,
  "custom" : false,
  "createable" : true,
  "updateable" : true,
  "audit" : false,
  "customizable" : false,
  "fieldLength" : 45,
  "fieldProperties" : {
    "autoGenerated" : "false"
  }
}, {
  "name" : "name",
  "dataType" : "string",
  "hasIndex" : false,
  "unique" : false,
  "primarykey" : false,
  "namefield" : false,
  "nullable" : true,
  "custom" : true,
  "createable" : true,
  "updateable" : true,
  "audit" : false,
  "customizable" : false,
  "fieldLength" : 10,
  "fieldProperties" : {
    "autoGenerated" : "false"
  }
}, {
  "name" : "softdelete",
  "sourceFieldname" : "softdelete",
  "description" : "softdelete",
  "dataType" : "boolean",
  "hasIndex" : false,
  "unique" : false,
  "primarykey" : false,
  "namefield" : false,
  "nullable" : true,
  "custom" : false,
  "createable" : true,
  "updateable" : true,
  "audit" : false,
  "customizable" : false,
  "fieldLength" : 0,
  "fieldProperties" : {
    "autoGenerated" : "false"
  }
}, {
  "name" : "user_id",
  "sourceFieldname" : "user_id",
  "description" : "user_id",
  "dataType" : "number",
  "hasIndex" : false,
  "unique" : false,
  "primarykey" : true,
  "namefield" : false,
  "nullable" : false,
  "custom" : false,
  "createable" : true,
  "updateable" : false,
  "audit" : false,
  "customizable" : false,
  "fieldLength" : 10,
  "fieldProperties" : {
    "autoGenerated" : "false"
  }
} ]