{
  "type" : "lob",
  "custom" : false,
  "junction" : false,
  "customizable" : false,
  "verbs" : {
    "get" : "getMapping",
    "create" : "createMapping",
    "update" : "updateMapping",
    "delete" : "deleteMapping"
  },
  "entityProperties" : {
    "BatchMode" : "pagination",
    "designTimeBackendMeta" : {
      "backendObjectName" : "user_data",
      "qualifiedName" : "travel_data.user_data",
      "metadataformatterobject" : "{\"name\":\"user_data\",\"displayName\":\"user_data\",\"qualifiedName\":\"travel_data.user_data\",\"schemaName\":\"travel_data\",\"tableName\":\"user_data\",\"entityType\":\"com.kony.rdbms.metadata.model.AnnotatedTable\"}"
    },
    "backendMeta" : {
      "backendObjectName" : "user_data",
      "qualifiedName" : "travel_data.user_data",
      "metadataformatterobject" : "{\"name\":\"user_data\",\"displayName\":\"user_data\",\"qualifiedName\":\"travel_data.user_data\",\"schemaName\":\"travel_data\",\"tableName\":\"user_data\",\"entityType\":\"com.kony.rdbms.metadata.model.AnnotatedTable\"}"
    }
  },
  "commonMappings" : [ {
    "sourceFieldName" : "email_id",
    "targetField" : "email_id",
    "type" : "request_response"
  }, {
    "sourceFieldName" : "first_name",
    "targetField" : "first_name",
    "type" : "request_response"
  }, {
    "sourceFieldName" : "last_name",
    "targetField" : "last_name",
    "type" : "request_response"
  }, {
    "sourceFieldName" : "softdelete",
    "targetField" : "softdelete",
    "type" : "request_response"
  }, {
    "sourceFieldName" : "user_id",
    "targetField" : "user_id",
    "type" : "request_response"
  }, {
    "sourceFieldName" : "name",
    "targetField" : "first_name",
    "type" : "request_response"
  } ]
}