{
  "operationConfig" : {
    "name" : "queryflightbookings1563",
    "type" : "MappedToBackend",
    "cachable" : false,
    "smsEnabled" : false,
    "security" : "public",
    "responseEncoding" : "UTF-8",
    "httpMethod" : "GET",
    "decodeResponseBody" : false,
    "referencingEndpoint" : "default",
    "odata" : [ {
      "id" : "$select",
      "dataType" : "string",
      "encode" : true,
      "accessType" : "readonly"
    }, {
      "id" : "$filter",
      "dataType" : "string",
      "encode" : true,
      "accessType" : "readonly"
    }, {
      "id" : "$orderby",
      "dataType" : "string",
      "encode" : true,
      "accessType" : "readonly"
    }, {
      "id" : "$top",
      "dataType" : "string",
      "encode" : true,
      "accessType" : "readonly"
    }, {
      "id" : "$skip",
      "dataType" : "string",
      "encode" : true,
      "accessType" : "readonly"
    }, {
      "id" : "$expand",
      "dataType" : "string",
      "encode" : true,
      "accessType" : "readonly"
    } ],
    "iMapping" : "<?xml version=\"1.0\" encoding=\"UTF-8\" standalone=\"yes\"?><mapper xmlns=\"http://www.kony.com/ns/mapper\">  <map inputpath=\"request_in\" outputpath=\"request_out\">    <exec-function name=\"kony.gen.obj.flight_bookings__hierarchy.toLOBFields\"/>  </map></mapper>",
    "oMapping" : "<?xml version=\"1.0\" encoding=\"UTF-8\" standalone=\"yes\"?><mapper xmlns=\"http://www.kony.com/ns/mapper\">  <map inputpath=\"response_in\" outputpath=\"response_out\">    <map inputpath=\"flight_bookings\" outputpath=\"flight_bookings\">      <exec-function name=\"kony.gen.obj.flight_bookings__hierarchy.fromLOBFields\"/>    </map>  </map></mapper>",
    "applyCommonMapping" : true,
    "entityMetadata" : "{\"entityAttributeTypeList\":[{\"name\":\"flight_booking_id\",\"jdbcType\":4,\"columnTypeName\":\"INT\",\"columnDecimalDigits\":0,\"autoGenerated\":true,\"calculated\":true,\"creatable\":false,\"nullable\":false,\"updatable\":false,\"primary\":true,\"fieldType\":\"INT\",\"softDelete\":false,\"lastModified\":false},{\"name\":\"user_id\",\"jdbcType\":4,\"columnTypeName\":\"INT\",\"columnDecimalDigits\":0,\"autoGenerated\":false,\"calculated\":false,\"creatable\":true,\"nullable\":true,\"updatable\":true,\"primary\":false,\"fieldType\":\"INT\",\"softDelete\":false,\"lastModified\":false},{\"name\":\"cost\",\"jdbcType\":12,\"columnTypeName\":\"VARCHAR\",\"columnDecimalDigits\":0,\"autoGenerated\":false,\"calculated\":false,\"creatable\":true,\"nullable\":true,\"updatable\":true,\"primary\":false,\"fieldType\":\"STRING\",\"softDelete\":false,\"lastModified\":false},{\"name\":\"flight_name\",\"jdbcType\":12,\"columnTypeName\":\"VARCHAR\",\"columnDecimalDigits\":0,\"autoGenerated\":false,\"calculated\":false,\"creatable\":true,\"nullable\":true,\"updatable\":true,\"primary\":false,\"fieldType\":\"STRING\",\"softDelete\":false,\"lastModified\":false},{\"name\":\"from\",\"jdbcType\":12,\"columnTypeName\":\"VARCHAR\",\"columnDecimalDigits\":0,\"autoGenerated\":false,\"calculated\":false,\"creatable\":true,\"nullable\":true,\"updatable\":true,\"primary\":false,\"fieldType\":\"STRING\",\"softDelete\":false,\"lastModified\":false},{\"name\":\"to\",\"jdbcType\":12,\"columnTypeName\":\"VARCHAR\",\"columnDecimalDigits\":0,\"autoGenerated\":false,\"calculated\":false,\"creatable\":true,\"nullable\":true,\"updatable\":true,\"primary\":false,\"fieldType\":\"STRING\",\"softDelete\":false,\"lastModified\":false},{\"name\":\"flight_no\",\"jdbcType\":12,\"columnTypeName\":\"VARCHAR\",\"columnDecimalDigits\":0,\"autoGenerated\":false,\"calculated\":false,\"creatable\":true,\"nullable\":true,\"updatable\":true,\"primary\":false,\"fieldType\":\"STRING\",\"softDelete\":false,\"lastModified\":false},{\"name\":\"depature\",\"jdbcType\":93,\"columnTypeName\":\"DATETIME\",\"columnDecimalDigits\":0,\"autoGenerated\":false,\"calculated\":false,\"creatable\":true,\"nullable\":true,\"updatable\":true,\"primary\":false,\"fieldType\":\"DATETIME\",\"softDelete\":false,\"lastModified\":false},{\"name\":\"softdel\",\"jdbcType\":-7,\"columnTypeName\":\"BIT\",\"columnDecimalDigits\":0,\"autoGenerated\":false,\"calculated\":false,\"creatable\":true,\"nullable\":true,\"updatable\":true,\"primary\":false,\"fieldType\":\"BOOLEAN\",\"softDelete\":false,\"lastModified\":false},{\"name\":\"class\",\"jdbcType\":12,\"columnTypeName\":\"VARCHAR\",\"columnDecimalDigits\":0,\"autoGenerated\":false,\"calculated\":false,\"creatable\":true,\"nullable\":true,\"updatable\":true,\"primary\":false,\"fieldType\":\"STRING\",\"softDelete\":false,\"lastModified\":false},{\"name\":\"arrival\",\"jdbcType\":93,\"columnTypeName\":\"DATETIME\",\"columnDecimalDigits\":0,\"autoGenerated\":false,\"calculated\":false,\"creatable\":true,\"nullable\":true,\"updatable\":true,\"primary\":false,\"fieldType\":\"DATETIME\",\"softDelete\":false,\"lastModified\":false},{\"name\":\"rating_default\",\"jdbcType\":12,\"columnTypeName\":\"VARCHAR\",\"columnDecimalDigits\":0,\"autoGenerated\":false,\"calculated\":false,\"creatable\":true,\"nullable\":true,\"updatable\":true,\"primary\":false,\"fieldType\":\"STRING\",\"softDelete\":false,\"lastModified\":false},{\"name\":\"rating_user\",\"jdbcType\":12,\"columnTypeName\":\"VARCHAR\",\"columnDecimalDigits\":0,\"autoGenerated\":false,\"calculated\":false,\"creatable\":true,\"nullable\":true,\"updatable\":true,\"primary\":false,\"fieldType\":\"STRING\",\"softDelete\":false,\"lastModified\":false}],\"relationshipTypeList\":[],\"name\":\"flight_bookings\",\"schemaName\":\"travel_data\",\"entityType\":\"com.kony.rdbms.metadata.model.AnnotatedTable\"}",
    "opcode" : "query",
    "backendMeta" : {
      "qualifiedObjectName" : "travel_data.flight_bookings",
      "backendObjectName" : "flight_bookings"
    },
    "relationshipHierarchyMapping" : {
      "children" : [ ],
      "name" : "flight_booking_data",
      "selected" : true
    },
    "requestXmlMappingOverride" : false,
    "responseXmlMappingOverride" : false
  }
}