{
  "operationConfig" : {
    "name" : "createuserdata7784",
    "type" : "MappedToBackend",
    "cachable" : false,
    "smsEnabled" : false,
    "security" : "public",
    "responseEncoding" : "UTF-8",
    "httpMethod" : "GET",
    "decodeResponseBody" : false,
    "referencingEndpoint" : "default",
    "inputs" : [ {
      "id" : "user_id",
      "scope" : "request",
      "dataType" : "number",
      "encode" : true,
      "passNull" : false
    }, {
      "id" : "email_id",
      "scope" : "request",
      "dataType" : "string",
      "encode" : true,
      "passNull" : false
    }, {
      "id" : "softdelete",
      "scope" : "request",
      "dataType" : "boolean",
      "encode" : true,
      "passNull" : false
    }, {
      "id" : "first_name",
      "scope" : "request",
      "dataType" : "string",
      "encode" : true,
      "passNull" : false
    }, {
      "id" : "last_name",
      "scope" : "request",
      "dataType" : "string",
      "encode" : true,
      "passNull" : false
    } ],
    "iMapping" : "<?xml version=\"1.0\" encoding=\"UTF-8\" standalone=\"yes\"?><mapper xmlns=\"http://www.kony.com/ns/mapper\">  <map inputpath=\"request_in\" outputpath=\"request_out\">    <exec-function name=\"kony.gen.obj.user_data__hierarchy.toLOBFields\"/>  </map></mapper>",
    "oMapping" : "<?xml version=\"1.0\" encoding=\"UTF-8\" standalone=\"yes\"?><mapper xmlns=\"http://www.kony.com/ns/mapper\">  <map inputpath=\"response_in\" outputpath=\"response_out\">    <map inputpath=\"user_data\" outputpath=\"user_data\">      <exec-function name=\"kony.gen.obj.user_data__hierarchy.fromLOBFields\"/>    </map>  </map></mapper>",
    "applyCommonMapping" : true,
    "entityMetadata" : "{\"entityAttributeTypeList\":[{\"name\":\"user_id\",\"jdbcType\":4,\"columnTypeName\":\"INT\",\"columnDecimalDigits\":0,\"autoGenerated\":false,\"calculated\":false,\"creatable\":true,\"nullable\":false,\"updatable\":false,\"primary\":true,\"fieldType\":\"INT\",\"softDelete\":false,\"lastModified\":false},{\"name\":\"email_id\",\"jdbcType\":12,\"columnTypeName\":\"VARCHAR\",\"columnDecimalDigits\":0,\"autoGenerated\":false,\"calculated\":false,\"creatable\":true,\"nullable\":true,\"updatable\":true,\"primary\":false,\"fieldType\":\"STRING\",\"softDelete\":false,\"lastModified\":false},{\"name\":\"softdelete\",\"jdbcType\":-7,\"columnTypeName\":\"BIT\",\"columnDecimalDigits\":0,\"autoGenerated\":false,\"calculated\":false,\"creatable\":true,\"nullable\":true,\"updatable\":true,\"primary\":false,\"fieldType\":\"BOOLEAN\",\"softDelete\":false,\"lastModified\":false},{\"name\":\"first_name\",\"jdbcType\":12,\"columnTypeName\":\"VARCHAR\",\"columnDecimalDigits\":0,\"autoGenerated\":false,\"calculated\":false,\"creatable\":true,\"nullable\":true,\"updatable\":true,\"primary\":false,\"fieldType\":\"STRING\",\"softDelete\":false,\"lastModified\":false},{\"name\":\"last_name\",\"jdbcType\":12,\"columnTypeName\":\"VARCHAR\",\"columnDecimalDigits\":0,\"autoGenerated\":false,\"calculated\":false,\"creatable\":true,\"nullable\":true,\"updatable\":true,\"primary\":false,\"fieldType\":\"STRING\",\"softDelete\":false,\"lastModified\":false}],\"relationshipTypeList\":[{\"targetEntityType\":{\"entityAttributeTypeList\":[{\"name\":\"flight_booking_id\",\"jdbcType\":4,\"columnTypeName\":\"INT\",\"columnDecimalDigits\":0,\"autoGenerated\":false,\"calculated\":false,\"creatable\":true,\"nullable\":false,\"updatable\":false,\"primary\":true,\"fieldType\":\"INT\",\"softDelete\":false,\"lastModified\":false},{\"name\":\"user_id\",\"jdbcType\":4,\"columnTypeName\":\"INT\",\"columnDecimalDigits\":0,\"autoGenerated\":false,\"calculated\":false,\"creatable\":true,\"nullable\":true,\"updatable\":true,\"primary\":false,\"fieldType\":\"INT\",\"softDelete\":false,\"lastModified\":false},{\"name\":\"cost\",\"jdbcType\":4,\"columnTypeName\":\"INT\",\"columnDecimalDigits\":0,\"autoGenerated\":false,\"calculated\":false,\"creatable\":true,\"nullable\":true,\"updatable\":true,\"primary\":false,\"fieldType\":\"INT\",\"softDelete\":false,\"lastModified\":false},{\"name\":\"flight_name\",\"jdbcType\":12,\"columnTypeName\":\"VARCHAR\",\"columnDecimalDigits\":0,\"autoGenerated\":false,\"calculated\":false,\"creatable\":true,\"nullable\":true,\"updatable\":true,\"primary\":false,\"fieldType\":\"STRING\",\"softDelete\":false,\"lastModified\":false},{\"name\":\"from\",\"jdbcType\":12,\"columnTypeName\":\"VARCHAR\",\"columnDecimalDigits\":0,\"autoGenerated\":false,\"calculated\":false,\"creatable\":true,\"nullable\":true,\"updatable\":true,\"primary\":false,\"fieldType\":\"STRING\",\"softDelete\":false,\"lastModified\":false},{\"name\":\"to\",\"jdbcType\":12,\"columnTypeName\":\"VARCHAR\",\"columnDecimalDigits\":0,\"autoGenerated\":false,\"calculated\":false,\"creatable\":true,\"nullable\":true,\"updatable\":true,\"primary\":false,\"fieldType\":\"STRING\",\"softDelete\":false,\"lastModified\":false},{\"name\":\"flight_no\",\"jdbcType\":12,\"columnTypeName\":\"VARCHAR\",\"columnDecimalDigits\":0,\"autoGenerated\":false,\"calculated\":false,\"creatable\":true,\"nullable\":true,\"updatable\":true,\"primary\":false,\"fieldType\":\"STRING\",\"softDelete\":false,\"lastModified\":false},{\"name\":\"depature\",\"jdbcType\":93,\"columnTypeName\":\"DATETIME\",\"columnDecimalDigits\":0,\"autoGenerated\":false,\"calculated\":false,\"creatable\":true,\"nullable\":true,\"updatable\":true,\"primary\":false,\"fieldType\":\"DATETIME\",\"softDelete\":false,\"lastModified\":false},{\"name\":\"softdel\",\"jdbcType\":-7,\"columnTypeName\":\"BIT\",\"columnDecimalDigits\":0,\"autoGenerated\":false,\"calculated\":false,\"creatable\":true,\"nullable\":true,\"updatable\":true,\"primary\":false,\"fieldType\":\"BOOLEAN\",\"softDelete\":false,\"lastModified\":false},{\"name\":\"class\",\"jdbcType\":12,\"columnTypeName\":\"VARCHAR\",\"columnDecimalDigits\":0,\"autoGenerated\":false,\"calculated\":false,\"creatable\":true,\"nullable\":true,\"updatable\":true,\"primary\":false,\"fieldType\":\"STRING\",\"softDelete\":false,\"lastModified\":false},{\"name\":\"arrival\",\"jdbcType\":93,\"columnTypeName\":\"DATETIME\",\"columnDecimalDigits\":0,\"autoGenerated\":false,\"calculated\":false,\"creatable\":true,\"nullable\":true,\"updatable\":true,\"primary\":false,\"fieldType\":\"DATETIME\",\"softDelete\":false,\"lastModified\":false}],\"name\":\"flight_bookings\",\"schemaName\":\"travel_data\"},\"relationshipAttributeTypeList\":[{\"sourceEntityAttributeType\":{\"name\":\"user_id\",\"jdbcType\":0,\"columnDecimalDigits\":0,\"autoGenerated\":false,\"calculated\":false,\"creatable\":false,\"nullable\":false,\"updatable\":false,\"primary\":false,\"softDelete\":false,\"lastModified\":false},\"targetEntityAttributeType\":{\"name\":\"user_id\",\"jdbcType\":0,\"columnDecimalDigits\":0,\"autoGenerated\":false,\"calculated\":false,\"creatable\":false,\"nullable\":false,\"updatable\":false,\"primary\":false,\"softDelete\":false,\"lastModified\":false}}],\"cascadeDelete\":false,\"relationshipType\":\"ONE_TO_MANY\"},{\"targetEntityType\":{\"entityAttributeTypeList\":[{\"name\":\"hotel_bookings_id\",\"jdbcType\":4,\"columnTypeName\":\"INT\",\"columnDecimalDigits\":0,\"autoGenerated\":false,\"calculated\":false,\"creatable\":true,\"nullable\":false,\"updatable\":false,\"primary\":true,\"fieldType\":\"INT\",\"softDelete\":false,\"lastModified\":false},{\"name\":\"user_id\",\"jdbcType\":4,\"columnTypeName\":\"INT\",\"columnDecimalDigits\":0,\"autoGenerated\":false,\"calculated\":false,\"creatable\":true,\"nullable\":true,\"updatable\":true,\"primary\":false,\"fieldType\":\"INT\",\"softDelete\":false,\"lastModified\":false},{\"name\":\"checkin_date\",\"jdbcType\":93,\"columnTypeName\":\"DATETIME\",\"columnDecimalDigits\":0,\"autoGenerated\":false,\"calculated\":false,\"creatable\":true,\"nullable\":true,\"updatable\":true,\"primary\":false,\"fieldType\":\"DATETIME\",\"softDelete\":false,\"lastModified\":false},{\"name\":\"checkout_date\",\"jdbcType\":93,\"columnTypeName\":\"DATETIME\",\"columnDecimalDigits\":0,\"autoGenerated\":false,\"calculated\":false,\"creatable\":true,\"nullable\":true,\"updatable\":true,\"primary\":false,\"fieldType\":\"DATETIME\",\"softDelete\":false,\"lastModified\":false},{\"name\":\"hotel_name\",\"jdbcType\":12,\"columnTypeName\":\"VARCHAR\",\"columnDecimalDigits\":0,\"autoGenerated\":false,\"calculated\":false,\"creatable\":true,\"nullable\":true,\"updatable\":true,\"primary\":false,\"fieldType\":\"STRING\",\"softDelete\":false,\"lastModified\":false},{\"name\":\"num_of_rooms\",\"jdbcType\":4,\"columnTypeName\":\"INT\",\"columnDecimalDigits\":0,\"autoGenerated\":false,\"calculated\":false,\"creatable\":true,\"nullable\":true,\"updatable\":true,\"primary\":false,\"fieldType\":\"INT\",\"softDelete\":false,\"lastModified\":false},{\"name\":\"num_adlt\",\"jdbcType\":4,\"columnTypeName\":\"INT\",\"columnDecimalDigits\":0,\"autoGenerated\":false,\"calculated\":false,\"creatable\":true,\"nullable\":true,\"updatable\":true,\"primary\":false,\"fieldType\":\"INT\",\"softDelete\":false,\"lastModified\":false},{\"name\":\"num_kids\",\"jdbcType\":4,\"columnTypeName\":\"INT\",\"columnDecimalDigits\":0,\"autoGenerated\":false,\"calculated\":false,\"creatable\":true,\"nullable\":true,\"updatable\":true,\"primary\":false,\"fieldType\":\"INT\",\"softDelete\":false,\"lastModified\":false},{\"name\":\"address\",\"jdbcType\":12,\"columnTypeName\":\"VARCHAR\",\"columnDecimalDigits\":0,\"autoGenerated\":false,\"calculated\":false,\"creatable\":true,\"nullable\":true,\"updatable\":true,\"primary\":false,\"fieldType\":\"STRING\",\"softDelete\":false,\"lastModified\":false},{\"name\":\"cost\",\"jdbcType\":4,\"columnTypeName\":\"INT\",\"columnDecimalDigits\":0,\"autoGenerated\":false,\"calculated\":false,\"creatable\":true,\"nullable\":true,\"updatable\":true,\"primary\":false,\"fieldType\":\"INT\",\"softDelete\":false,\"lastModified\":false}],\"name\":\"hotel_bookings\",\"schemaName\":\"travel_data\"},\"relationshipAttributeTypeList\":[{\"sourceEntityAttributeType\":{\"name\":\"user_id\",\"jdbcType\":0,\"columnDecimalDigits\":0,\"autoGenerated\":false,\"calculated\":false,\"creatable\":false,\"nullable\":false,\"updatable\":false,\"primary\":false,\"softDelete\":false,\"lastModified\":false},\"targetEntityAttributeType\":{\"name\":\"user_id\",\"jdbcType\":0,\"columnDecimalDigits\":0,\"autoGenerated\":false,\"calculated\":false,\"creatable\":false,\"nullable\":false,\"updatable\":false,\"primary\":false,\"softDelete\":false,\"lastModified\":false}}],\"cascadeDelete\":false,\"relationshipType\":\"ONE_TO_MANY\"}],\"name\":\"user_data\",\"schemaName\":\"travel_data\",\"entityType\":\"com.kony.rdbms.metadata.model.AnnotatedTable\"}",
    "opcode" : "create",
    "backendMeta" : {
      "qualifiedObjectName" : "travel_data.user_data",
      "backendObjectName" : "user_data"
    },
    "relationshipHierarchyMapping" : {
      "children" : [ ],
      "name" : "user_data",
      "selected" : true
    },
    "requestXmlMappingOverride" : false,
    "responseXmlMappingOverride" : false
  }
}