{
  "operationConfig" : {
    "name" : "queryuserdata9979",
    "type" : "MappedToBackend",
    "cachable" : false,
    "smsEnabled" : false,
    "security" : "public",
    "responseEncoding" : "UTF-8",
    "httpMethod" : "GET",
    "decodeResponseBody" : false,
    "referencingEndpoint" : "default",
    "odata" : [ {
      "id" : "$select",
      "dataType" : "string",
      "encode" : true,
      "accessType" : "readonly"
    }, {
      "id" : "$filter",
      "dataType" : "string",
      "defaultValue" : "email_id eq vigayes6@gmail.com",
      "encode" : true,
      "accessType" : "readonly"
    }, {
      "id" : "$orderby",
      "dataType" : "string",
      "encode" : true,
      "accessType" : "readonly"
    }, {
      "id" : "$top",
      "dataType" : "string",
      "encode" : true,
      "accessType" : "readonly"
    }, {
      "id" : "$skip",
      "dataType" : "string",
      "encode" : true,
      "accessType" : "readonly"
    }, {
      "id" : "$expand",
      "dataType" : "string",
      "encode" : true,
      "accessType" : "readonly"
    } ],
    "iMapping" : "<?xml version=\"1.0\" encoding=\"UTF-8\" standalone=\"yes\"?><mapper xmlns=\"http://www.kony.com/ns/mapper\">                    <map inputpath=\"request_in\" outputpath=\"request_out\">                                        <exec-function name=\"kony.gen.obj.user_data__hierarchy.toLOBFields\"/>                    </map></mapper>",
    "oMapping" : "<?xml version=\"1.0\" encoding=\"UTF-8\" standalone=\"yes\"?><mapper xmlns=\"http://www.kony.com/ns/mapper\"><map inputpath=\"response_in\" outputpath=\"response_out\"><map inputpath=\"user_data\" outputpath=\"user_data\"><set-param inputpath=\"email_id\" outputpath=\"email_id\"/><set-param inputpath=\"first_name\" outputpath=\"first_name\"/><set-param inputpath=\"last_name\" outputpath=\"last_name\"/><exec-function name=\"kony.string:concat\" outputpath=\"result4\" output=\"$vars\"><set-arg inputpath=\"first_name\"/><set-arg name=\"input2\" input=\" \"/><set-arg inputpath=\"last_name\"/></exec-function><set-param inputpath=\"$vars/result4\" outputpath=\"name\"/><set-param inputpath=\"softdelete\" outputpath=\"softdelete\"/><set-param inputpath=\"user_id\" outputpath=\"user_id\"/></map></map></mapper>",
    "oVisualMappingData" : "{\"linkDataArray\":[{\"category\":\"Mapping\",\"from\":\"source:user_data:email_id:\",\"to\":\"target:user_data:email_id:\",\"fromPort\":\"source:user_data:email_id:\",\"toPort\":\"target:user_data:email_id:\",\"visible\":true,\"common\":true,\"__gohashid\":5207},{\"category\":\"Mapping\",\"from\":\"source:user_data:softdelete:\",\"to\":\"target:user_data:softdelete:\",\"fromPort\":\"source:user_data:softdelete:\",\"toPort\":\"target:user_data:softdelete:\",\"visible\":true,\"common\":true,\"__gohashid\":5210},{\"category\":\"Mapping\",\"from\":\"source:user_data:user_id:\",\"to\":\"target:user_data:user_id:\",\"fromPort\":\"source:user_data:user_id:\",\"toPort\":\"target:user_data:user_id:\",\"visible\":true,\"common\":true,\"__gohashid\":5211},{\"from\":\"source\",\"to\":\"source:user_data\",\"fromPort\":\"source\",\"toPort\":\"source:user_data\",\"visible\":true,\"common\":false,\"__gohashid\":18145},{\"from\":\"source:user_data\",\"to\":\"source:user_data:fields\",\"fromPort\":\"source:user_data\",\"toPort\":\"source:user_data:fields\",\"visible\":true,\"common\":false,\"__gohashid\":18146},{\"from\":\"source:user_data:fields\",\"to\":\"source:user_data:user_id:\",\"fromPort\":\"source:user_data:fields\",\"toPort\":\"source:user_data:user_id:\",\"visible\":true,\"common\":false,\"__gohashid\":18147},{\"from\":\"source:user_data:fields\",\"to\":\"source:user_data:email_id:\",\"fromPort\":\"source:user_data:fields\",\"toPort\":\"source:user_data:email_id:\",\"visible\":true,\"common\":false,\"__gohashid\":18148},{\"from\":\"source:user_data:fields\",\"to\":\"source:user_data:softdelete:\",\"fromPort\":\"source:user_data:fields\",\"toPort\":\"source:user_data:softdelete:\",\"visible\":true,\"common\":false,\"__gohashid\":18149},{\"from\":\"source:user_data:fields\",\"to\":\"source:user_data:first_name:\",\"fromPort\":\"source:user_data:fields\",\"toPort\":\"source:user_data:first_name:\",\"visible\":true,\"common\":false,\"__gohashid\":18150},{\"from\":\"source:user_data:fields\",\"to\":\"source:user_data:last_name:\",\"fromPort\":\"source:user_data:fields\",\"toPort\":\"source:user_data:last_name:\",\"visible\":true,\"common\":false,\"__gohashid\":18151},{\"from\":\"target\",\"to\":\"target:user_data\",\"fromPort\":\"target\",\"toPort\":\"target:user_data\",\"visible\":true,\"common\":false,\"__gohashid\":18152},{\"from\":\"target:user_data\",\"to\":\"target:user_data:fields\",\"fromPort\":\"target:user_data\",\"toPort\":\"target:user_data:fields\",\"visible\":true,\"common\":false,\"__gohashid\":18153},{\"from\":\"target:user_data:fields\",\"to\":\"target:user_data:email_id:\",\"fromPort\":\"target:user_data:fields\",\"toPort\":\"target:user_data:email_id:\",\"visible\":true,\"common\":false,\"__gohashid\":18154},{\"from\":\"target:user_data:fields\",\"to\":\"target:user_data:first_name:\",\"fromPort\":\"target:user_data:fields\",\"toPort\":\"target:user_data:first_name:\",\"visible\":true,\"common\":false,\"__gohashid\":18155},{\"from\":\"target:user_data:fields\",\"to\":\"target:user_data:last_name:\",\"fromPort\":\"target:user_data:fields\",\"toPort\":\"target:user_data:last_name:\",\"visible\":true,\"common\":false,\"__gohashid\":18156},{\"from\":\"target:user_data:fields\",\"to\":\"target:user_data:softdelete:\",\"fromPort\":\"target:user_data:fields\",\"toPort\":\"target:user_data:softdelete:\",\"visible\":true,\"common\":false,\"__gohashid\":18157},{\"from\":\"target:user_data:fields\",\"to\":\"target:user_data:user_id:\",\"fromPort\":\"target:user_data:fields\",\"toPort\":\"target:user_data:user_id:\",\"visible\":true,\"common\":false,\"__gohashid\":18158},{\"from\":\"target:user_data:fields\",\"to\":\"target:user_data:name:\",\"fromPort\":\"target:user_data:fields\",\"toPort\":\"target:user_data:name:\",\"visible\":true,\"common\":false,\"__gohashid\":18159},{\"category\":\"Mapping\",\"visible\":true,\"__gohashid\":21363,\"from\":\"source:user_data:first_name:\",\"to\":\"block:kony.string:concat:2\",\"fromPort\":\"source:user_data:first_name:\",\"toPort\":\"input1\"},{\"category\":\"Mapping\",\"visible\":true,\"__gohashid\":22219,\"from\":\"block:kony.string:concat:2\",\"to\":\"target:user_data:name:\",\"fromPort\":\"result4\",\"toPort\":\"target:user_data:name:\"},{\"category\":\"Mapping\",\"visible\":true,\"__gohashid\":28041,\"from\":\"source:user_data:first_name:\",\"to\":\"target:user_data:first_name:\",\"fromPort\":\"source:user_data:first_name:\",\"toPort\":\"target:user_data:first_name:\"},{\"category\":\"Mapping\",\"visible\":true,\"__gohashid\":28462,\"from\":\"source:user_data:last_name:\",\"to\":\"target:user_data:last_name:\",\"fromPort\":\"source:user_data:last_name:\",\"toPort\":\"target:user_data:last_name:\"},{\"category\":\"Mapping\",\"visible\":true,\"__gohashid\":31744,\"from\":\"source:user_data:last_name:\",\"to\":\"block:kony.string:concat:2\",\"fromPort\":\"source:user_data:last_name:\",\"toPort\":\"input3\"},{\"category\":\"Mapping\",\"visible\":true,\"__gohashid\":32278,\"from\":\"block:kony.util:constant:2\",\"to\":\"block:kony.string:concat:2\",\"fromPort\":\" \",\"toPort\":\"input2\"}],\"nodeDataArray\":[{\"isGroup\":true,\"key\":\"response_out\",\"text\":\"travel_data.user_data\",\"xy\":\"780 72\",\"__gohashid\":4426},{\"isGroup\":true,\"key\":\"response_in\",\"text\":\"user_data\",\"xy\":\"150 100\",\"__gohashid\":4427},{\"key\":\"source:user_data\",\"name\":\"user_data\",\"group\":\"response_in\",\"isExpanded\":true,\"parent\":\"source\",\"portId\":\"source:user_data\",\"isParent\":true,\"__gohashid\":18129},{\"key\":\"source:user_data:fields\",\"name\":\"fields\",\"group\":\"response_in\",\"isExpanded\":true,\"parent\":\"source:user_data\",\"portId\":\"source:user_data:fields\",\"isParent\":true,\"__gohashid\":18130},{\"key\":\"source:user_data:user_id:\",\"name\":\"user_id\",\"group\":\"response_in\",\"isExpanded\":true,\"parent\":\"source:user_data:fields\",\"portId\":\"source:user_data:user_id:\",\"isParent\":false,\"__gohashid\":18131},{\"key\":\"source:user_data:email_id:\",\"name\":\"email_id\",\"group\":\"response_in\",\"isExpanded\":true,\"parent\":\"source:user_data:fields\",\"portId\":\"source:user_data:email_id:\",\"isParent\":false,\"__gohashid\":18132},{\"key\":\"source:user_data:softdelete:\",\"name\":\"softdelete\",\"group\":\"response_in\",\"isExpanded\":true,\"parent\":\"source:user_data:fields\",\"portId\":\"source:user_data:softdelete:\",\"isParent\":false,\"__gohashid\":18133},{\"key\":\"source:user_data:first_name:\",\"name\":\"first_name\",\"group\":\"response_in\",\"isExpanded\":true,\"parent\":\"source:user_data:fields\",\"portId\":\"source:user_data:first_name:\",\"isParent\":false,\"__gohashid\":18134},{\"key\":\"source:user_data:last_name:\",\"name\":\"last_name\",\"group\":\"response_in\",\"isExpanded\":true,\"parent\":\"source:user_data:fields\",\"portId\":\"source:user_data:last_name:\",\"isParent\":false,\"__gohashid\":18135},{\"key\":\"target:user_data\",\"name\":\"user_data\",\"group\":\"response_out\",\"isExpanded\":true,\"parent\":\"target\",\"portId\":\"target:user_data\",\"isParent\":true,\"__gohashid\":18136},{\"key\":\"target:user_data:fields\",\"name\":\"fields\",\"group\":\"response_out\",\"isExpanded\":true,\"parent\":\"target:user_data\",\"portId\":\"target:user_data:fields\",\"isParent\":true,\"__gohashid\":18137},{\"key\":\"target:user_data:email_id:\",\"name\":\"email_id\",\"group\":\"response_out\",\"isExpanded\":true,\"parent\":\"target:user_data:fields\",\"portId\":\"target:user_data:email_id:\",\"isParent\":false,\"__gohashid\":18138},{\"key\":\"target:user_data:first_name:\",\"name\":\"first_name\",\"group\":\"response_out\",\"isExpanded\":true,\"parent\":\"target:user_data:fields\",\"portId\":\"target:user_data:first_name:\",\"isParent\":false,\"__gohashid\":18139},{\"key\":\"target:user_data:last_name:\",\"name\":\"last_name\",\"group\":\"response_out\",\"isExpanded\":true,\"parent\":\"target:user_data:fields\",\"portId\":\"target:user_data:last_name:\",\"isParent\":false,\"__gohashid\":18140},{\"key\":\"target:user_data:softdelete:\",\"name\":\"softdelete\",\"group\":\"response_out\",\"isExpanded\":true,\"parent\":\"target:user_data:fields\",\"portId\":\"target:user_data:softdelete:\",\"isParent\":false,\"__gohashid\":18141},{\"key\":\"target:user_data:user_id:\",\"name\":\"user_id\",\"group\":\"response_out\",\"isExpanded\":true,\"parent\":\"target:user_data:fields\",\"portId\":\"target:user_data:user_id:\",\"isParent\":false,\"__gohashid\":18142},{\"key\":\"target:user_data:name:\",\"name\":\"name\",\"group\":\"response_out\",\"isExpanded\":true,\"parent\":\"target:user_data:fields\",\"portId\":\"target:user_data:name:\",\"isParent\":false,\"__gohashid\":18143},{\"key\":\"block:kony.string:concat:2\",\"name\":\"kony.string:stringConcatenate\",\"text\":\"String Concatenate\",\"category\":\"functionTemplateNTo1\",\"outPortId\":\"result4\",\"outPortText\":\"result\",\"valueArray\":[{\"inPortId\":\"input1\",\"inPortText\":\"value\",\"__gohashid\":20974},{\"inPortId\":\"input2\",\"inPortText\":\"value\",\"__gohashid\":21091},{\"inPortId\":\"input3\",\"inPortText\":\"value\",\"__gohashid\":31560}],\"loc\":\"480 302\",\"__gohashid\":20878,\"visible\":true},{\"key\":\"block:kony.util:constant:2\",\"name\":\"kony.basic:constant\",\"text\":\"Constant\",\"category\":\"functionTemplateConstant\",\"outPortId\":\" \",\"outPortText\":\"value\",\"loc\":\"299 373\",\"__gohashid\":31860,\"visible\":true}],\"blockCount\":{\"outportCount\":5,\"stringConcatenate\":2,\"stringLeft\":1,\"constant\":2},\"xmlMappingOverride\":false}",
    "applyCommonMapping" : false,
    "entityMetadata" : "{\"entityAttributeTypeList\":[{\"name\":\"user_id\",\"jdbcType\":4,\"columnTypeName\":\"INT\",\"columnDecimalDigits\":0,\"autoGenerated\":false,\"calculated\":false,\"creatable\":true,\"nullable\":false,\"updatable\":false,\"primary\":true,\"fieldType\":\"INT\",\"softDelete\":false,\"lastModified\":false},{\"name\":\"email_id\",\"jdbcType\":12,\"columnTypeName\":\"VARCHAR\",\"columnDecimalDigits\":0,\"autoGenerated\":false,\"calculated\":false,\"creatable\":true,\"nullable\":true,\"updatable\":true,\"primary\":false,\"fieldType\":\"STRING\",\"softDelete\":false,\"lastModified\":false},{\"name\":\"softdelete\",\"jdbcType\":-7,\"columnTypeName\":\"BIT\",\"columnDecimalDigits\":0,\"autoGenerated\":false,\"calculated\":false,\"creatable\":true,\"nullable\":true,\"updatable\":true,\"primary\":false,\"fieldType\":\"BOOLEAN\",\"softDelete\":false,\"lastModified\":false},{\"name\":\"first_name\",\"jdbcType\":12,\"columnTypeName\":\"VARCHAR\",\"columnDecimalDigits\":0,\"autoGenerated\":false,\"calculated\":false,\"creatable\":true,\"nullable\":true,\"updatable\":true,\"primary\":false,\"fieldType\":\"STRING\",\"softDelete\":false,\"lastModified\":false},{\"name\":\"last_name\",\"jdbcType\":12,\"columnTypeName\":\"VARCHAR\",\"columnDecimalDigits\":0,\"autoGenerated\":false,\"calculated\":false,\"creatable\":true,\"nullable\":true,\"updatable\":true,\"primary\":false,\"fieldType\":\"STRING\",\"softDelete\":false,\"lastModified\":false}],\"relationshipTypeList\":[{\"targetEntityType\":{\"entityAttributeTypeList\":[{\"name\":\"flight_booking_id\",\"jdbcType\":4,\"columnTypeName\":\"INT\",\"columnDecimalDigits\":0,\"autoGenerated\":false,\"calculated\":false,\"creatable\":true,\"nullable\":false,\"updatable\":false,\"primary\":true,\"fieldType\":\"INT\",\"softDelete\":false,\"lastModified\":false},{\"name\":\"user_id\",\"jdbcType\":4,\"columnTypeName\":\"INT\",\"columnDecimalDigits\":0,\"autoGenerated\":false,\"calculated\":false,\"creatable\":true,\"nullable\":true,\"updatable\":true,\"primary\":false,\"fieldType\":\"INT\",\"softDelete\":false,\"lastModified\":false},{\"name\":\"cost\",\"jdbcType\":4,\"columnTypeName\":\"INT\",\"columnDecimalDigits\":0,\"autoGenerated\":false,\"calculated\":false,\"creatable\":true,\"nullable\":true,\"updatable\":true,\"primary\":false,\"fieldType\":\"INT\",\"softDelete\":false,\"lastModified\":false},{\"name\":\"flight_name\",\"jdbcType\":12,\"columnTypeName\":\"VARCHAR\",\"columnDecimalDigits\":0,\"autoGenerated\":false,\"calculated\":false,\"creatable\":true,\"nullable\":true,\"updatable\":true,\"primary\":false,\"fieldType\":\"STRING\",\"softDelete\":false,\"lastModified\":false},{\"name\":\"from\",\"jdbcType\":12,\"columnTypeName\":\"VARCHAR\",\"columnDecimalDigits\":0,\"autoGenerated\":false,\"calculated\":false,\"creatable\":true,\"nullable\":true,\"updatable\":true,\"primary\":false,\"fieldType\":\"STRING\",\"softDelete\":false,\"lastModified\":false},{\"name\":\"to\",\"jdbcType\":12,\"columnTypeName\":\"VARCHAR\",\"columnDecimalDigits\":0,\"autoGenerated\":false,\"calculated\":false,\"creatable\":true,\"nullable\":true,\"updatable\":true,\"primary\":false,\"fieldType\":\"STRING\",\"softDelete\":false,\"lastModified\":false},{\"name\":\"flight_no\",\"jdbcType\":12,\"columnTypeName\":\"VARCHAR\",\"columnDecimalDigits\":0,\"autoGenerated\":false,\"calculated\":false,\"creatable\":true,\"nullable\":true,\"updatable\":true,\"primary\":false,\"fieldType\":\"STRING\",\"softDelete\":false,\"lastModified\":false},{\"name\":\"depature\",\"jdbcType\":93,\"columnTypeName\":\"DATETIME\",\"columnDecimalDigits\":0,\"autoGenerated\":false,\"calculated\":false,\"creatable\":true,\"nullable\":true,\"updatable\":true,\"primary\":false,\"fieldType\":\"DATETIME\",\"softDelete\":false,\"lastModified\":false},{\"name\":\"softdel\",\"jdbcType\":-7,\"columnTypeName\":\"BIT\",\"columnDecimalDigits\":0,\"autoGenerated\":false,\"calculated\":false,\"creatable\":true,\"nullable\":true,\"updatable\":true,\"primary\":false,\"fieldType\":\"BOOLEAN\",\"softDelete\":false,\"lastModified\":false},{\"name\":\"class\",\"jdbcType\":12,\"columnTypeName\":\"VARCHAR\",\"columnDecimalDigits\":0,\"autoGenerated\":false,\"calculated\":false,\"creatable\":true,\"nullable\":true,\"updatable\":true,\"primary\":false,\"fieldType\":\"STRING\",\"softDelete\":false,\"lastModified\":false},{\"name\":\"arrival\",\"jdbcType\":93,\"columnTypeName\":\"DATETIME\",\"columnDecimalDigits\":0,\"autoGenerated\":false,\"calculated\":false,\"creatable\":true,\"nullable\":true,\"updatable\":true,\"primary\":false,\"fieldType\":\"DATETIME\",\"softDelete\":false,\"lastModified\":false}],\"name\":\"flight_bookings\",\"schemaName\":\"travel_data\"},\"relationshipAttributeTypeList\":[{\"sourceEntityAttributeType\":{\"name\":\"user_id\",\"jdbcType\":0,\"columnDecimalDigits\":0,\"autoGenerated\":false,\"calculated\":false,\"creatable\":false,\"nullable\":false,\"updatable\":false,\"primary\":false,\"softDelete\":false,\"lastModified\":false},\"targetEntityAttributeType\":{\"name\":\"user_id\",\"jdbcType\":0,\"columnDecimalDigits\":0,\"autoGenerated\":false,\"calculated\":false,\"creatable\":false,\"nullable\":false,\"updatable\":false,\"primary\":false,\"softDelete\":false,\"lastModified\":false}}],\"cascadeDelete\":false,\"relationshipType\":\"ONE_TO_MANY\"},{\"targetEntityType\":{\"entityAttributeTypeList\":[{\"name\":\"hotel_bookings_id\",\"jdbcType\":4,\"columnTypeName\":\"INT\",\"columnDecimalDigits\":0,\"autoGenerated\":false,\"calculated\":false,\"creatable\":true,\"nullable\":false,\"updatable\":false,\"primary\":true,\"fieldType\":\"INT\",\"softDelete\":false,\"lastModified\":false},{\"name\":\"user_id\",\"jdbcType\":4,\"columnTypeName\":\"INT\",\"columnDecimalDigits\":0,\"autoGenerated\":false,\"calculated\":false,\"creatable\":true,\"nullable\":true,\"updatable\":true,\"primary\":false,\"fieldType\":\"INT\",\"softDelete\":false,\"lastModified\":false},{\"name\":\"checkin_date\",\"jdbcType\":93,\"columnTypeName\":\"DATETIME\",\"columnDecimalDigits\":0,\"autoGenerated\":false,\"calculated\":false,\"creatable\":true,\"nullable\":true,\"updatable\":true,\"primary\":false,\"fieldType\":\"DATETIME\",\"softDelete\":false,\"lastModified\":false},{\"name\":\"checkout_date\",\"jdbcType\":93,\"columnTypeName\":\"DATETIME\",\"columnDecimalDigits\":0,\"autoGenerated\":false,\"calculated\":false,\"creatable\":true,\"nullable\":true,\"updatable\":true,\"primary\":false,\"fieldType\":\"DATETIME\",\"softDelete\":false,\"lastModified\":false},{\"name\":\"hotel_name\",\"jdbcType\":12,\"columnTypeName\":\"VARCHAR\",\"columnDecimalDigits\":0,\"autoGenerated\":false,\"calculated\":false,\"creatable\":true,\"nullable\":true,\"updatable\":true,\"primary\":false,\"fieldType\":\"STRING\",\"softDelete\":false,\"lastModified\":false},{\"name\":\"num_of_rooms\",\"jdbcType\":4,\"columnTypeName\":\"INT\",\"columnDecimalDigits\":0,\"autoGenerated\":false,\"calculated\":false,\"creatable\":true,\"nullable\":true,\"updatable\":true,\"primary\":false,\"fieldType\":\"INT\",\"softDelete\":false,\"lastModified\":false},{\"name\":\"num_adlt\",\"jdbcType\":4,\"columnTypeName\":\"INT\",\"columnDecimalDigits\":0,\"autoGenerated\":false,\"calculated\":false,\"creatable\":true,\"nullable\":true,\"updatable\":true,\"primary\":false,\"fieldType\":\"INT\",\"softDelete\":false,\"lastModified\":false},{\"name\":\"num_kids\",\"jdbcType\":4,\"columnTypeName\":\"INT\",\"columnDecimalDigits\":0,\"autoGenerated\":false,\"calculated\":false,\"creatable\":true,\"nullable\":true,\"updatable\":true,\"primary\":false,\"fieldType\":\"INT\",\"softDelete\":false,\"lastModified\":false},{\"name\":\"address\",\"jdbcType\":12,\"columnTypeName\":\"VARCHAR\",\"columnDecimalDigits\":0,\"autoGenerated\":false,\"calculated\":false,\"creatable\":true,\"nullable\":true,\"updatable\":true,\"primary\":false,\"fieldType\":\"STRING\",\"softDelete\":false,\"lastModified\":false},{\"name\":\"cost\",\"jdbcType\":4,\"columnTypeName\":\"INT\",\"columnDecimalDigits\":0,\"autoGenerated\":false,\"calculated\":false,\"creatable\":true,\"nullable\":true,\"updatable\":true,\"primary\":false,\"fieldType\":\"INT\",\"softDelete\":false,\"lastModified\":false}],\"name\":\"hotel_bookings\",\"schemaName\":\"travel_data\"},\"relationshipAttributeTypeList\":[{\"sourceEntityAttributeType\":{\"name\":\"user_id\",\"jdbcType\":0,\"columnDecimalDigits\":0,\"autoGenerated\":false,\"calculated\":false,\"creatable\":false,\"nullable\":false,\"updatable\":false,\"primary\":false,\"softDelete\":false,\"lastModified\":false},\"targetEntityAttributeType\":{\"name\":\"user_id\",\"jdbcType\":0,\"columnDecimalDigits\":0,\"autoGenerated\":false,\"calculated\":false,\"creatable\":false,\"nullable\":false,\"updatable\":false,\"primary\":false,\"softDelete\":false,\"lastModified\":false}}],\"cascadeDelete\":false,\"relationshipType\":\"ONE_TO_MANY\"}],\"name\":\"user_data\",\"schemaName\":\"travel_data\",\"entityType\":\"com.kony.rdbms.metadata.model.AnnotatedTable\"}",
    "opcode" : "query",
    "backendMeta" : {
      "qualifiedObjectName" : "travel_data.user_data",
      "backendObjectName" : "user_data"
    },
    "relationshipHierarchyMapping" : {
      "children" : [ ],
      "name" : "user_data",
      "selected" : true
    },
    "requestXmlMappingOverride" : false,
    "responseXmlMappingOverride" : false
  }
}