<?xml version="1.0" encoding="UTF-8" standalone="yes"?>
<service serviceGroup="" cachable="false" cacheduration="" endpoint="" groupType="" id="getHotelDetails" passwordencrypted="" security="public" type="CompositeConnector" smscode="" smsenabled="false">
    <service-config>
        <config-param api-version="" appid="" name="exec_type" value="Sequential"/>
        <config-param api-version="" appid="" name="postprocessorname" value="hotelSearchPackage.combineDataFromOrchestration"/>
        <config-param api-version="" appid="" name="postprocessorJS" value=""/>
        <config-param api-version="1.0" appid="Amadeus" name="service" value="Hotel_Geosearch_By_Circle"/>
        <config-param api-version="1.0" appid="GetLocationCoordsLoop" name="service" value="getCoords"/>
    </service-config>
    <service-input passthrough="false"/>
    <service-output passthrough="false"/>
</service>
