[ {
  "name" : "adults",
  "sourceFieldname" : "adults",
  "description" : "adults",
  "dataType" : "number",
  "hasIndex" : false,
  "unique" : false,
  "primarykey" : false,
  "namefield" : false,
  "nullable" : true,
  "custom" : false,
  "createable" : true,
  "updateable" : true,
  "audit" : false,
  "customizable" : false,
  "fieldProperties" : {
    "autoGenerated" : "false"
  }
}, {
  "name" : "airline",
  "sourceFieldname" : "airline",
  "description" : "airline",
  "dataType" : "string",
  "hasIndex" : false,
  "unique" : false,
  "primarykey" : false,
  "namefield" : false,
  "nullable" : true,
  "custom" : false,
  "createable" : true,
  "updateable" : true,
  "audit" : false,
  "customizable" : false,
  "fieldProperties" : {
    "autoGenerated" : "false"
  }
}, {
  "name" : "children",
  "sourceFieldname" : "children",
  "description" : "children",
  "dataType" : "number",
  "hasIndex" : false,
  "unique" : false,
  "primarykey" : false,
  "namefield" : false,
  "nullable" : true,
  "custom" : false,
  "createable" : true,
  "updateable" : true,
  "audit" : false,
  "customizable" : false,
  "fieldProperties" : {
    "autoGenerated" : "false"
  }
}, {
  "name" : "currency",
  "sourceFieldname" : "currency",
  "description" : "currency",
  "dataType" : "string",
  "hasIndex" : false,
  "unique" : false,
  "primarykey" : false,
  "namefield" : false,
  "nullable" : true,
  "custom" : false,
  "createable" : true,
  "updateable" : true,
  "audit" : false,
  "customizable" : false,
  "fieldProperties" : {
    "autoGenerated" : "false"
  }
}, {
  "name" : "deep_link",
  "sourceFieldname" : "deep_link",
  "description" : "deep_link",
  "dataType" : "string",
  "hasIndex" : false,
  "unique" : false,
  "primarykey" : false,
  "namefield" : false,
  "nullable" : true,
  "custom" : false,
  "createable" : true,
  "updateable" : true,
  "audit" : false,
  "customizable" : false,
  "fieldProperties" : {
    "autoGenerated" : "false"
  }
}, {
  "name" : "departure_date",
  "sourceFieldname" : "departure_date",
  "description" : "departure_date",
  "dataType" : "string",
  "hasIndex" : false,
  "unique" : false,
  "primarykey" : false,
  "namefield" : false,
  "nullable" : true,
  "custom" : false,
  "createable" : true,
  "updateable" : true,
  "audit" : false,
  "customizable" : false,
  "fieldProperties" : {
    "autoGenerated" : "false"
  }
}, {
  "name" : "destination",
  "sourceFieldname" : "destination",
  "description" : "destination",
  "dataType" : "string",
  "hasIndex" : false,
  "unique" : false,
  "primarykey" : false,
  "namefield" : false,
  "nullable" : true,
  "custom" : false,
  "createable" : true,
  "updateable" : true,
  "audit" : false,
  "customizable" : false,
  "fieldProperties" : {
    "autoGenerated" : "false"
  }
}, {
  "name" : "exclude_merchants",
  "sourceFieldname" : "exclude_merchants",
  "description" : "exclude_merchants",
  "dataType" : "string",
  "hasIndex" : false,
  "unique" : false,
  "primarykey" : false,
  "namefield" : false,
  "nullable" : true,
  "custom" : false,
  "createable" : true,
  "updateable" : true,
  "audit" : false,
  "customizable" : false,
  "fieldProperties" : {
    "autoGenerated" : "false"
  }
}, {
  "name" : "include_merchants",
  "sourceFieldname" : "include_merchants",
  "description" : "include_merchants",
  "dataType" : "string",
  "hasIndex" : false,
  "unique" : false,
  "primarykey" : false,
  "namefield" : false,
  "nullable" : true,
  "custom" : false,
  "createable" : true,
  "updateable" : true,
  "audit" : false,
  "customizable" : false,
  "fieldProperties" : {
    "autoGenerated" : "false"
  }
}, {
  "name" : "infants",
  "sourceFieldname" : "infants",
  "description" : "infants",
  "dataType" : "number",
  "hasIndex" : false,
  "unique" : false,
  "primarykey" : false,
  "namefield" : false,
  "nullable" : true,
  "custom" : false,
  "createable" : true,
  "updateable" : true,
  "audit" : false,
  "customizable" : false,
  "fieldProperties" : {
    "autoGenerated" : "false"
  }
}, {
  "name" : "max_price",
  "sourceFieldname" : "max_price",
  "description" : "max_price",
  "dataType" : "number",
  "hasIndex" : false,
  "unique" : false,
  "primarykey" : false,
  "namefield" : false,
  "nullable" : true,
  "custom" : false,
  "createable" : true,
  "updateable" : true,
  "audit" : false,
  "customizable" : false,
  "fieldProperties" : {
    "autoGenerated" : "false"
  }
}, {
  "name" : "mobile",
  "sourceFieldname" : "mobile",
  "description" : "mobile",
  "dataType" : "boolean",
  "hasIndex" : false,
  "unique" : false,
  "primarykey" : false,
  "namefield" : false,
  "nullable" : true,
  "custom" : false,
  "createable" : true,
  "updateable" : true,
  "audit" : false,
  "customizable" : false,
  "fieldProperties" : {
    "autoGenerated" : "false"
  }
}, {
  "name" : "origin",
  "sourceFieldname" : "origin",
  "description" : "origin",
  "dataType" : "string",
  "hasIndex" : false,
  "unique" : false,
  "primarykey" : false,
  "namefield" : false,
  "nullable" : true,
  "custom" : false,
  "createable" : true,
  "updateable" : true,
  "audit" : false,
  "customizable" : false,
  "fieldProperties" : {
    "autoGenerated" : "false"
  }
}, {
  "name" : "return_date",
  "sourceFieldname" : "return_date",
  "description" : "return_date",
  "dataType" : "string",
  "hasIndex" : false,
  "unique" : false,
  "primarykey" : false,
  "namefield" : false,
  "nullable" : true,
  "custom" : false,
  "createable" : true,
  "updateable" : true,
  "audit" : false,
  "customizable" : false,
  "fieldProperties" : {
    "autoGenerated" : "false"
  }
} ]