[ {
  "name" : "address",
  "sourceFieldname" : "address",
  "description" : "address",
  "dataType" : "string",
  "hasIndex" : false,
  "unique" : false,
  "primarykey" : false,
  "namefield" : false,
  "nullable" : true,
  "custom" : false,
  "createable" : true,
  "updateable" : true,
  "audit" : false,
  "customizable" : false,
  "fieldLength" : 2000,
  "fieldProperties" : {
    "autoGenerated" : "false"
  }
}, {
  "name" : "checkin_date",
  "sourceFieldname" : "checkin_date",
  "description" : "checkin_date",
  "dataType" : "date",
  "hasIndex" : false,
  "unique" : false,
  "primarykey" : false,
  "namefield" : false,
  "nullable" : true,
  "custom" : false,
  "createable" : true,
  "updateable" : true,
  "audit" : false,
  "customizable" : false,
  "fieldLength" : 19,
  "fieldProperties" : {
    "autoGenerated" : "false"
  }
}, {
  "name" : "checkout_date",
  "sourceFieldname" : "checkout_date",
  "description" : "checkout_date",
  "dataType" : "date",
  "hasIndex" : false,
  "unique" : false,
  "primarykey" : false,
  "namefield" : false,
  "nullable" : true,
  "custom" : false,
  "createable" : true,
  "updateable" : true,
  "audit" : false,
  "customizable" : false,
  "fieldLength" : 19,
  "fieldProperties" : {
    "autoGenerated" : "false"
  }
}, {
  "name" : "cost",
  "sourceFieldname" : "cost",
  "description" : "cost",
  "dataType" : "string",
  "hasIndex" : false,
  "unique" : false,
  "primarykey" : false,
  "namefield" : false,
  "nullable" : true,
  "custom" : false,
  "createable" : true,
  "updateable" : true,
  "audit" : false,
  "customizable" : false,
  "fieldLength" : 200,
  "fieldProperties" : {
    "autoGenerated" : "false"
  }
}, {
  "name" : "hotel_bookings_id",
  "sourceFieldname" : "hotel_bookings_id",
  "description" : "hotel_bookings_id",
  "dataType" : "number",
  "hasIndex" : false,
  "unique" : false,
  "primarykey" : true,
  "namefield" : false,
  "nullable" : false,
  "custom" : false,
  "createable" : false,
  "updateable" : false,
  "audit" : false,
  "customizable" : false,
  "fieldLength" : 10,
  "fieldProperties" : {
    "autoGenerated" : "true"
  }
}, {
  "name" : "hotel_name",
  "sourceFieldname" : "hotel_name",
  "description" : "hotel_name",
  "dataType" : "string",
  "hasIndex" : false,
  "unique" : false,
  "primarykey" : false,
  "namefield" : false,
  "nullable" : true,
  "custom" : false,
  "createable" : true,
  "updateable" : true,
  "audit" : false,
  "customizable" : false,
  "fieldLength" : 2000,
  "fieldProperties" : {
    "autoGenerated" : "false"
  }
}, {
  "name" : "num_adlt",
  "sourceFieldname" : "num_adlt",
  "description" : "num_adlt",
  "dataType" : "number",
  "hasIndex" : false,
  "unique" : false,
  "primarykey" : false,
  "namefield" : false,
  "nullable" : true,
  "custom" : false,
  "createable" : true,
  "updateable" : true,
  "audit" : false,
  "customizable" : false,
  "fieldLength" : 10,
  "fieldProperties" : {
    "autoGenerated" : "false"
  }
}, {
  "name" : "num_kids",
  "sourceFieldname" : "num_kids",
  "description" : "num_kids",
  "dataType" : "number",
  "hasIndex" : false,
  "unique" : false,
  "primarykey" : false,
  "namefield" : false,
  "nullable" : true,
  "custom" : false,
  "createable" : true,
  "updateable" : true,
  "audit" : false,
  "customizable" : false,
  "fieldLength" : 10,
  "fieldProperties" : {
    "autoGenerated" : "false"
  }
}, {
  "name" : "num_of_rooms",
  "sourceFieldname" : "num_of_rooms",
  "description" : "num_of_rooms",
  "dataType" : "string",
  "hasIndex" : false,
  "unique" : false,
  "primarykey" : false,
  "namefield" : false,
  "nullable" : true,
  "custom" : false,
  "createable" : true,
  "updateable" : true,
  "audit" : false,
  "customizable" : false,
  "fieldLength" : 10,
  "fieldProperties" : {
    "autoGenerated" : "false"
  }
}, {
  "name" : "rating_default",
  "sourceFieldname" : "rating_default",
  "description" : "rating_default",
  "dataType" : "number",
  "hasIndex" : false,
  "unique" : false,
  "primarykey" : false,
  "namefield" : false,
  "nullable" : true,
  "custom" : false,
  "createable" : true,
  "updateable" : true,
  "audit" : false,
  "customizable" : false,
  "fieldLength" : 10,
  "fieldProperties" : {
    "autoGenerated" : "false"
  }
}, {
  "name" : "rating_user",
  "sourceFieldname" : "rating_user",
  "description" : "rating_user",
  "dataType" : "number",
  "hasIndex" : false,
  "unique" : false,
  "primarykey" : false,
  "namefield" : false,
  "nullable" : true,
  "custom" : false,
  "createable" : true,
  "updateable" : true,
  "audit" : false,
  "customizable" : false,
  "fieldLength" : 10,
  "fieldProperties" : {
    "autoGenerated" : "false"
  }
}, {
  "name" : "softdel",
  "sourceFieldname" : "softdel",
  "description" : "softdel",
  "dataType" : "boolean",
  "hasIndex" : false,
  "unique" : false,
  "primarykey" : false,
  "namefield" : false,
  "nullable" : true,
  "custom" : false,
  "createable" : true,
  "updateable" : true,
  "audit" : false,
  "customizable" : false,
  "fieldLength" : 0,
  "fieldProperties" : {
    "autoGenerated" : "false"
  }
}, {
  "name" : "user_id",
  "sourceFieldname" : "user_id",
  "description" : "user_id",
  "dataType" : "number",
  "hasIndex" : false,
  "unique" : false,
  "primarykey" : false,
  "namefield" : false,
  "nullable" : true,
  "custom" : false,
  "createable" : true,
  "updateable" : true,
  "audit" : false,
  "customizable" : false,
  "fieldLength" : 10,
  "fieldProperties" : {
    "autoGenerated" : "false"
  }
} ]