{
  "type" : "lob",
  "custom" : false,
  "junction" : false,
  "customizable" : false,
  "verbs" : {
    "get" : "getMapping",
    "create" : "createMapping",
    "update" : "updateMapping",
    "partialupdate" : "partialupdateMapping",
    "delete" : "deleteMapping"
  },
  "entityProperties" : {
    "BatchMode" : "pagination",
    "designTimeBackendMeta" : {
      "backendObjectName" : "hotel_bookings",
      "qualifiedName" : "travel_data.hotel_bookings",
      "metadataformatterobject" : "{\"name\":\"hotel_bookings\",\"displayName\":\"hotel_bookings\",\"qualifiedName\":\"travel_data.hotel_bookings\",\"schemaName\":\"travel_data\",\"tableName\":\"hotel_bookings\",\"entityType\":\"com.kony.rdbms.metadata.model.AnnotatedTable\"}"
    },
    "backendMeta" : {
      "backendObjectName" : "hotel_bookings",
      "qualifiedName" : "travel_data.hotel_bookings",
      "metadataformatterobject" : "{\"name\":\"hotel_bookings\",\"displayName\":\"hotel_bookings\",\"qualifiedName\":\"travel_data.hotel_bookings\",\"schemaName\":\"travel_data\",\"tableName\":\"hotel_bookings\",\"entityType\":\"com.kony.rdbms.metadata.model.AnnotatedTable\"}"
    }
  },
  "commonMappings" : [ {
    "sourceFieldName" : "hotel_bookings_id",
    "targetField" : "hotel_bookings_id",
    "type" : "request_response"
  }, {
    "sourceFieldName" : "num_kids",
    "targetField" : "num_kids",
    "type" : "request_response"
  }, {
    "sourceFieldName" : "address",
    "targetField" : "address",
    "type" : "request_response"
  }, {
    "sourceFieldName" : "cost",
    "targetField" : "cost",
    "type" : "request_response"
  }, {
    "sourceFieldName" : "num_adlt",
    "targetField" : "num_adlt",
    "type" : "request_response"
  }, {
    "sourceFieldName" : "rating_user",
    "targetField" : "rating_user",
    "type" : "request_response"
  }, {
    "sourceFieldName" : "softdel",
    "targetField" : "softdel",
    "type" : "request_response"
  }, {
    "sourceFieldName" : "checkout_date",
    "targetField" : "checkout_date",
    "type" : "request_response"
  }, {
    "sourceFieldName" : "hotel_name",
    "targetField" : "hotel_name",
    "type" : "request_response"
  }, {
    "sourceFieldName" : "rating_default",
    "targetField" : "rating_default",
    "type" : "request_response"
  }, {
    "sourceFieldName" : "num_of_rooms",
    "targetField" : "num_of_rooms",
    "type" : "request_response"
  }, {
    "sourceFieldName" : "user_id",
    "targetField" : "user_id",
    "type" : "request_response"
  }, {
    "sourceFieldName" : "checkin_date",
    "targetField" : "checkin_date",
    "type" : "request_response"
  } ]
}